12/26/1997,PA-28-161,2208V,1,FCM FCM,1.0,,,1,,,,,,,,,,,1.0,,,,
12/31/1997,PA-38,2338C,1,FCM FCM,1.2,,,1,,,,,,,,,,,1.2,,,,
1/1/1998,PA-38,9350T,1,FCM FCM,1.1,,,1,,,,,,,,,,,1.1,,,,
1/2/1998,PA-38,9350T,1,FCM FCM,1.1,,,1,,,,,,,,,,,1.1,,,,
1/3/1998,PA-38,2338C,1,FCM FCM,1.0,,,1,,,,,,,,,,,1.0,,,,
1/4/1998,PA-38,2338C,1,FCM FCM,1.1,,,1,,,,,,,,,,,1.1,,,,
1/14/1998,PA-38,2505K,1,FCM FCM,1.2,,,1,,,,,,,,,,,1.2,,,,
1/15/1998,PA-38,9350T,1,FCM FCM,1.3,,,1,,,,,,,,,,,1.3,,,,
1/18/1998,PA-38,62191A,1,FCM FCM,1.1,,,1,,,,,,,,,,,1.1,,,,
1/19/1998,PA-38,62191A,1,FCM FCM,0.8,,,3,,,,,,,,,,,0.8,,,,
1/19/1998,PA-38,62191A,1,FCM FCM,1.1,,,5,,,,,,,,,,,1.1,,,,
1/21/1998,PA-38,9350T,1,FCM FCM,1.5,,,8,,,,,,,,,,,1.5,,,,
1/31/1998,PA-38,2505K,1,FCM FCM,1.3,,,5,,,,,,,,,,,1.3,,,,
2/2/1998,PA-38,91341,1,FCM STP FCM,1.6,1.6,,8,,,,,0.2,,,,,,1.6,,,,
2/16/1998,PA-38,62191A,1,FCM FCM,0.6,,,3,,,,,,,,,,,0.6,,,,
2/18/1998,PA-38,62191A,1,FCM FCM,0.9,,,1,,,,,,,,,,,0.9,,,,
2/21/1998,PA-38,9350T,1,FCM FCM,1.2,,,7,,,,,,,,,,,1.2,,,,
2/23/1998,PA-38,9350T,1,FCM FCM,1.5,,,8,,,,,,,,,,,1.5,,,,
3/2/1998,PA-38,9350T,1,FCM FCM,1.3,,,6,,,,,,,,,,,1.3,,,,
3/3/1998,PA-38,24822,1,FCM FCM,0.6,,,2,,,,,,,,,,,0.6,,,,
3/4/1998,PA-38,24822,1,FCM FCM,0.8,,,3,,,,,,,,,,,0.8,,,,
3/4/1998,PA-38,24822,1,FCM FCM,0.5,,,3,,,,,,,,0.5,,,,,,,
3/16/1998,PA-38,62191A,1,FCM FCM,1.3,,,1,,,0.1,,,,,,,,1.3,,,,
3/17/1998,PA-38,62191A,1,FCM LVN FCM,1.2,1.2,,4,,,0.2,,,,,,,,1.2,,,,
3/24/1998,PA-38,62191A,1,FCM FCM,0.9,,,5,,,,,,,,,,,0.9,,,,
3/25/1998,PA-38,2338C,1,FCM FCM,1.2,,,7,,,,,,,,1.2,,,,,,,
3/26/1998,PA-38,9350T,1,FCM FCM,0.8,,,4,,,,,,,,0.8,,,,,,,
3/28/1998,DA-20,318DA,1,FCM FCM,1.3,,,2,,,,,,,,,,,1.3,,,,
5/1/1998,PA-38,2338C,1,FCM FCM,1.1,,,2,,,0.4,,,,,,,,1.1,,,,
5/3/1998,PA-38,62191A,1,FCM STC FCM,2.3,2.3,,,5,,0.3,,2.3,,2.3,,,,2.3,,,,
5/4/1998,PA-38,9350T,1,FCM FCM,0.7,,,1,,,,,,,,0.7,,,,,,,
5/22/1998,PA-28-161,2548M,1,FCM FCM,1.3,,,1,,,,,,,,,,,1.3,,,,
5/25/1998,PA-28-161,4337V,1,FCM AEL FRM 12Y FCM,3.2,3.2,,1,,,,,,,3.2,,,,3.2,,,,
6/18/1998,PA-28-161,2548M,1,FCM LVN FCM,1.3,1.3,,2,,,,,,,,,,,1.3,,,,
6/19/1998,PA-28-161,2548M,1,FCM 10D FCM,1.4,1.4,,2,,,0.2,,,,,,,,1.4,,,,
7/20/1998,PA-28-161,2240G,1,FCM 10D FCM,1.5,1.5,,2,,,,,,,,,,,1.5,,,,
7/27/1998,PA-28-161,4337V,1,FCM AEL FRM FCM,2.8,2.8,,3,,,,,,,2.8,2.8,,,,,,,
7/27/1998,PA-28-161,8189T,1,FCM FCM,1.1,,,4,,,0.5,,,,,,,,1.1,,,,
8/9/1998,PA-28-161,2208V,1,FCM FCM,1.0,,,1,5,,,,1.0,,,,,,1.0,,,,
10/9/1998,PA-28-161,8068C,1,FCM 8Y2 FCM,1.8,1.8,,2,,,0.3,,,,1.8,,,,1.8,,,,
10/11/1998,PA-28-161,2548M,1,FCM FCM,1.4,,,4,,,1.0,,,,,,,,1.4,,,,
10/21/1998,PA-28-161,2240G,1,FCM Y33 FCM,1.3,1.3,,2,,,,,,,,,,,1.3,,,,
10/25/1998,PA-28-161,2208V,1,FCM MCW FRMFCM,3.4,3.4,,1,,,,,,,3.4,3.4,,,,,,,
11/10/1998,PA-28-161,2208V,1,FCM FCM,1.2,,,1,,,,,,,,1.2,,,,,,,
11/28/1998,PA-28-161,8068C,1,FCM AXN STC FCM,3.2,3.2,,3,,,,,,,3.2,3.2,,,,,,,
12/8/1998,PA-28-161,2208V,1,FCM FCM,0.9,,,1,,,,,,,,0.9,,,,,,,
12/10/1998,PA-28-161,2208V,1,FCM FCM,0.8,,,1,,,,,,,,0.8,,,,,,,
12/11/1998,PA-28-161,2240G,1,FCM FCM,1.5,,,1,,,1.3,,,,,,,,1.5,,,,
12/15/1998,PA-28-161,2208V,1,FCM FCM,1.6,,,3,,,,,,,,1.6,,,,,,,
12/16/1998,PA-28-161,2240G,1,FCM FCM,0.6,,,1,,,,,,,,0.6,,,,,,,
12/25/1998,PA-28-161,2548M,1,FCM FCM,1.0,,,2,,,,,,,,1.0,,,,,,,
12/30/1998,PA-28-161,2208V,1,FCM FCM,1.2,,,1,,,0.3,,,,,,,,1.2,,,,
1/31/1999,PA-28-161,2208V,1,FCM FCM,0.8,,,1,,,,,,,,0.8,,,,,,,
2/6/1999,PA-28-161,2208V,1,FCM FCM,1.3,,,6,,,,,,,,1.3,,,,,,,
2/15/1999,PA-28-161,4337V,1,FCM FCM,1.5,,,1,,,,,,,,,,,1.5,,,,
2/17/1999,PA-28-161,4337V,1,FCM FCM,1.1,,,6,,,,,,,,,,,1.1,,,,
2/20/1999,PA-28-161,2240G,1,FCM Y29 FCM,1.7,1.7,,2,,,0.3,,,,,,,,1.7,,,,
3/4/1999,PA-28-161,2240G,1,FCM FCM,2.0,,,1,,,,,,,,,2.0,,,,,,Private Checkride
3/10/1999,PA-28-161,2240G,1,FCM FCM,0.9,,,1,,,0.7,,,,,,0.9,,0.9,,,,
3/11/1999,PA-28-161,2240G,1,FCM FCM,1.2,,,1,,,,,,,,,1.2,,,,,,
3/12/1999,PA-28-181,2228Z,1,FCM FCM,1.0,,,1,,,0.8,,,,,,0.8,,0.8,,,,
3/15/1999,PA-28-181,2228Z,1,FCM FCM,1.0,,,1,,,0.8,,,,,,1.0,,1.0,,,,
3/16/1999,PA-28-161,2240G,1,FCM FCM,1.0,,,1,,,,,,,,,1.0,,,,,,
3/17/1999,PA-28-161,2240G,1,FCM FCM,1.0,,,1,,,,,,,,,1.0,,,,,,
3/18/1999,DA-20,202TB,1,FCM FCM,1.3,,,1,,,1.3,,,,,,1.3,,1.3,,,,
3/22/1999,PA-28-181,2228Z,1,FCM FCM,0.8,,,1,,,0.6,,,,,,0.8,,0.8,,,,
3/24/1999,PA-28-181,2228Z,1,FCM FCM,0.9,,,1,,,0.7,,,,,,0.9,,0.9,,,,
3/26/1999,PA-28-181,8274H,1,FCM FCM,1.1,,,1,,,0.9,,,,,,1.1,,1.1,,,,
4/4/1999,PA-28-161,2240G,1,FCM FCM,1.4,,,1,,,,,,,,,1.4,,,,,,
4/9/1999,PA-28-181,2228Z,1,FCM FCM,0.8,,,1,,,0.6,,,,,,0.8,,0.8,,,,
4/13/1999,PA-28-181,8274H,1,FCM FCM,1.0,,,1,,,0.9,,,,,,1.0,,1.0,,,,
4/16/1999,PA-28-181,2228Z,1,FCM FCM,1.3,,,1,,,,,,,,,1.3,,1.3,,,,
4/19/1999,PA-28-181,2228Z,1,FCM FCM,1.2,,,3,,,,,,,,,1.2,,1.2,,,,
4/26/1999,PA-28-181,2228Z,1,FCM FCM,0.8,,,1,,,0.7,,,,,,0.8,,0.8,,,,
4/28/1999,PA-28-181,2228Z,1,FCM FCM,1.1,,,1,,,0.7,,,,,,1.1,,1.1,,,,
4/28/1999,PA-28-181,2228Z,1,FCM STP FCM,1.1,1.1,,3,,,,,,,,,1.1,,,,,,
4/30/1999,PA-28-161,8189T,1,FCM FCM,0.9,,,1,,,,,,,,,0.9,,,,,,
5/7/1999,PA-28-181,2228Z,1,FCM FCM,1.4,,,1,,,1.4,,,,,,1.4,,1.4,,,,
5/7/1999,PA-28-181,2228Z,1,FCM FCM,1.0,,,1,,0.8,,,,,,,1.0,,1.0,,,,
5/12/1999,PA-28-181,8274H,1,FCM STC FCM,1.6,1.6,,2,,1.4,,,1.1,,1.6,,1.6,,1.6,,,,
5/14/1999,PA-28-181,8274H,1,FCM FCM,1.6,,,1,,,1.3,,,,,,1.6,,1.6,,,,
5/17/1999,PA-28-181,2228Z,1,FCM FCM,1.2,,,1,,,1.0,,,,,,1.0,,1.0,,,,
5/18/1999,PA-28-181,2228Z,1,FCM FCM,1.4,,,1,,,1.3,,,,,,1.3,,1.3,,,,
5/25/1999,PA-28-181,2228Z,1,FCM FCM,1.3,,,1,,,1.2,,,,,,1.2,,1.2,,,,
5/25/1999,PA-28-181,8274H,1,FCM RST AEL FCM,3.2,3.2,,3,1,,2.9,,0.2,,3.2,,3.2,,3.2,,,,
5/28/1999,PA-28-161,2208V,1,FCM FCM,1.2,,,1,,,,,,,,,1.2,,,,,,
5/29/1999,PA-28-161,2240G,1,FCM ORB,2.1,2.1,,1,,,,,,,2.1,,2.1,,,,,,
5/29/1999,PA-28-161,2240G,1,ORB FCM,2.1,2.1,,1,,,,,,,2.1,,2.1,,,,,,
5/30/1999,PA-28-161,2240G,1,FCM FCM,0.5,,,3,,,,,0.5,,,,0.5,,,,,,
6/2/1999,PA-28-181,2228Z,1,FCM DLH BRD FCM,4.2,4.2,,3,,,4.0,,,,4.2,,4.2,,4.2,,,,
6/3/1999,DA-20,201TB,1,FCM STC FCM,1.8,1.8,,2,,,,,,,1.8,,1.8,,,,,,
6/4/1999,PA-28-181,92505,1,FCM FCM,0.9,,,1,,,0.7,,,,,,0.9,,0.9,,,,
6/5/1999,DA-20,201TB,1,FCM FCM,1.4,,,1,,,,,,,,,1.4,,,,,,
6/6/1999,DA-20,201TB,1,FCM DYT,1.6,1.6,,1,,,,,,,1.6,,1.6,,,,,,
6/6/1999,DA-20,201TB,1,DYT FCM,1.6,1.6,,1,1,,,,1.6,,1.6,,1.6,,,,,,
6/14/1999,PA-28-181,8274H,1,FCM FCM,1.6,,,1,,,1.5,,,,,,1.6,,1.6,,,,
6/16/1999,PA-28-161,8189T,1,FCM STP FCM,2.4,2.4,,1,,,,,,,,,2.4,,,,,,
6/19/1999,DA-20,201TB,1,FCM FCM,1.4,,,1,,,,,,,,,1.4,,,,,,
7/2/1999,DA-20,201TB,1,FCM STC FCM,1.4,1.4,,2,,,,,,,1.4,,1.4,,,,,,
7/7/1999,PA-28-181,2228Z,1,FCM  FCM,2.0,,,1,,,,,,,,,2.0,,,,,,Instrument Checkride
7/9/1999,PA-28-181,92505,1,FCM FCM,1.9,,,1,,,1.7,,,,,,1.9,,1.9,,,,
7/12/1999,DA-20,201TB,1,FCM FCM,1.2,,,1,,,,,,,,,1.2,,,,,,
7/20/1999,DA-20,201TB,1,FCM ORB,2.5,2.5,,1,,,,,,,2.5,,2.5,,,,,,
7/20/1999,DA-20,201TB,1,ORB ORB,0.8,,,1,,,,,,,,,0.8,,,,,,
7/21/1999,DA-20,201TB,1,ORB FCM,2.5,2.5,,1,,,,,,,2.5,,2.5,,,,,,
8/9/1999,PA-28-181,92505,1,FCM FCM,1.2,,,5,,,,,,,,,1.2,,,,,,
8/12/1999,PA-28-161,2208V,1,FCM 8Y7 FCM,1.8,1.8,,1,,,,,1.8,,,,1.8,,,,,,
8/16/1999,DA-20,202TB,1,FCM STP,0.5,0.5,,1,,,,,,,,,0.5,,,,,,
8/16/1999,DA-20,202TB,1,STP STP,0.5,,,1,,,,,,,,,0.5,,,,,,
8/16/1999,DA-20,202TB,1,STP FCM,0.8,0.8,,1,,,,,,,,,0.8,,,,,,
8/16/1999,PA-28-181,2228Z,1,FCM SUE,2.8,2.8,,1,,0.5,,,2.8,,2.8,,2.8,,,,,,
8/16/1999,PA-28-181,2228Z,1,SUE GRB,0.8,0.8,,1,,0.4,,,0.8,,0.8,,0.8,,,,,,
8/17/1999,PA-28-181,2228Z,1,GRB FCM,2.8,2.8,,1,,,,,2.8,,2.8,,2.8,,,,,,
8/20/1999,PA-28-161,4349K,1,FCM UCB FCM,1.5,1.5,,1,,,,,1.5,,1.5,,1.5,,1.5,,,,
8/25/1999,PA-28-181,2228Z,1,FCM MTW,2.5,2.5,,1,,,,,,,2.5,,2.5,,2.5,,,,
8/25/1999,PA-28-181,2228Z,1,MTW FCM,3.0,3.0,,1,,,,,,,3.0,,3.0,,3.0,,,,
9/2/1999,PA-28-161,2208V,1,FCM HCD FCM,1.4,1.4,,2,,,,,,,1.4,,1.4,,1.4,,,,
9/3/1999,PA-38,9350T,1,FCM FCM,0.9,,,5,,,,,,,,,0.9,,0.9,,,,
9/18/1999,PA-28-R-201,1641H,1,FCM FCM,1.6,,,4,,,,,,,,,1.6,,1.6,,,,
9/18/1999,PA-28-R-201,1641H,1,FCM FCM,1.3,,,4,,,0.3,,,,,,1.3,,1.3,,,,
9/23/1999,PA-28-R-201,8265S,1,FCM FCM,1.4,,,4,,,,,,,,,1.4,,1.4,,,,
9/23/1999,DA-20,202TB,1,FCM FCM,1.6,,,5,,,,,,,,,1.6,,,,,,
9/25/1999,PA-28-161,4349K,1,FCM GYL FCM,1.5,1.5,,5,,,,,,,,,1.5,,1.5,,,,
9/25/1999,PA-28-161,4349K,1,FCM FCM,1.2,,,4,,,,,,,,,1.2,,1.2,,,,
10/2/1999,PA-28-R-201,8265S,1,FCM FCM,2.0,,,10,,,,,,,,,2.0,,2.0,,,,
10/7/1999,PA-28-161,4337V,1,FCM FCM,2.0,,,7,,,0.4,,,,,,2.0,,2.0,,,,
10/7/1999,PA-28-161,4349K,1,FCM FCM,1.0,,,2,,,,,,,,,1.0,,1.0,,,,
10/14/1999,PA-28-R-201,8265S,1,FCM FCM,2.0,,,6,,,0.6,,,,,,2.0,,2.0,,,,
10/15/1999,PA-28-161,4349K,1,FCM FCM,2.0,,,2,,,,,,,,,2.0,,,,,,
10/17/1999,PA-28-161,4349K,1,FCM FCM,1.5,,,5,,,,,,,,,1.5,,,,,,
10/20/1999,DA-20,201TB,1,FCM FCM,1.6,,,7,,,,,,,,,1.6,,,,,,
10/21/1999,PA-28-161,4349K,1,FCM FCM,1.5,,,2,,,,,,,,,1.5,,1.5,,,,
10/28/1999,PA-28-161,4337V,1,FCM FCM,1.5,,,3,,,,,,,,,1.5,,1.5,,,,
10/28/1999,PA-28-R-201,1641H,1,FCM FCM,1.5,,,4,,,,,,,,,1.5,,1.5,,,,
10/30/1999,PA-28-161,2240G,1,FCM FCM,1.3,,,8,,,,,,,,,1.3,,,,,,
10/30/1999,PA-28-161,2240G,1,FCM FCM,1.1,,,7,,,,,,,,,1.1,,,,,,
11/4/1999,PA-28-161,2240G,1,FCM FCM,1.2,,,6,,,,,,,,,1.2,,,,,,
11/6/1999,PA-28-161,2240G,1,FCM STP FCM,1.5,1.5,,3,,,,,,,,,1.5,,,,,,
11/18/1999,PA-28-161,2208V,1,FCM FCM,1.0,,,1,,,,,,,,,1.0,,,,,,
11/20/1999,PA-28-161,8068C,1,FCM FCM,1.1,,,1,,,,,,,,,1.1,,,,,,
12/2/1999,PA-28-R-201,1641H,1,FCM FCM,1.1,,,1,,,,,,,,,1.1,,1.1,,,,
12/4/1999,PA-28-R-201,1641H,1,FCM FCM,0.8,,,2,,,0.5,,,,,,0.8,,0.8,,,,
12/15/1999,PA-28-181,92505,1,FCM STC FCM,1.2,1.2,,4,,,0.3,,,,,,1.2,,1.2,,,,
12/16/1999,PA-28-161,2208V,1,FCM FCM,1.1,,,2,,,0.2,,,,,,1.1,,1.1,,,,
12/27/1999,PA-28-161,2240G,1,FCM FCM,1.9,,,2,,,,,,,,,1.9,,,,,,
12/29/1999,PA-28-161,2208V,1,FCM FCM,1.5,,,1,,,1.2,,,,,,1.5,,1.5,,,,
12/29/1999,PA-28-161,2240G,1,FCM FCM,1.1,,,4,,,,,,,,,1.1,,,,,,
12/30/1999,PA-28-R-201,8265S,1,FCM FCM,1.2,,,4,,,,,,,,,1.2,,1.2,,,,
12/31/1999,PA-28-161,2208V,1,FCM FCM,0.8,,,2,,,,,,,,,0.8,,0.8,,,,
1/4/2000,PA-28-161,2548M,1,FCM FCM,1.0,,,5,,,,,,,,,1.0,,,,,,
1/6/2000,PA-28-161,2208V,1,FCM FCM,0.8,,,1,,,,,,,,,0.8,,0.8,,,,
1/7/2000,PA-28-161,2240G,1,FCM FCM,1.1,,,5,,,,,,,,,1.1,,1.1,,,,
1/7/2000,PA-28-161,2208V,1,FCM FCM,0.2,,,1,,,,,,,,,0.2,,,,,,
1/8/2000,PA-28-R-201,8265S,1,FCM IGQ,2.5,2.5,,1,1,0.5,,,1.0,,2.5,,2.5,,,,,,
1/11/2000,PA-28-R-201,8265S,1,IGQ FCM,4.1,4.1,,1,,0.1,,,,,,,4.1,,,,,,
1/14/2000,M205-201,57651,1,FCM RGK LVN FCM,2.0,2.0,,1,,,1.0,,,,2.0,,2.0,,2.0,,,,
1/15/2000,PA-28-161,2208V,1,FCM FCM,0.8,,,6,,,,,,,,,0.8,,,,,,
1/27/2000,PA-28-181,92505,1,FCM DLH,1.6,1.6,,1,1,,,,1.0,,1.6,,1.6,,,,,,
1/27/2000,PA-28-181,92505,1,DLH FCM,1.5,1.5,,1,1,,,,1.5,,1.5,,1.5,,,,,,
1/28/2000,PA-28-161,2208V,1,FCM DYT FCM,1.5,1.5,,1,,,,,,,1.0,,1.5,,,,,,
1/31/2000,PA-28-161,4337V,1,FCM FCM,0.5,,,4,,,,,,,,,0.5,,,,,,
2/1/2000,PA-28-161,2548M,1,FCM FCM,1.5,,,8,,,,,,,,,1.5,,,,,,
2/4/2000,PA-28-R-201,8265S,1,FCM FCM,0.9,,,4,,,,,,,,,0.9,,0.9,,,,
2/5/2000,PA-28-161,2208V,1,FCM FCM,0.5,,,1,,,,,,,,,0.5,,0.5,,,,
2/6/2000,PA-28-161,2240G,1,FCM FCM,0.9,,,2,,,,,,,,,0.9,,0.9,,,,
2/14/2000,PA-44-180,21318,1,FCM FCM,1.2,,,3,,,,,,,,,,,1.2,,,,
2/18/2000,PA-44-180,21318,1,FCM FCM,1.1,,,1,,,0.4,,,,,,,,1.1,,,,
3/14/2000,PA-44-180,21318,1,FCM FCM,1.6,,,3,,,,,,,,,,,1.6,,,,
3/15/2000,PA-44-180,2083D,1,FCM FCM,1.0,,,1,,,,,,,,,,,1.0,,,,
3/16/2000,PA-44-180,2083D,1,FCM FCM,0.8,,,4,,,,,,,,,,,0.8,,,,
3/17/2000,PA-44-180,2083D,1,FCM FCM,1.1,,,1,,,,,,,,,,,1.1,,,,
3/17/2000,PA-28-R-201,8265S,1,FCM FCM,0.7,,,1,,,,,,,,,0.7,,,,,,
4/6/2000,PA-44-180,2083D,1,FCM FCM,1.2,,,3,,,,,,,,,,,1.2,,,,
4/9/2000,PA-44-180,21318,1,FCM FCM,1.6,,,1,,,1.3,,,,,,,,1.6,,,,
4/12/2000,PA-28-181,92505,1,FCM FCM,1.7,,,1,,,1.5,,,,,,1.7,,1.7,,,,
4/27/2000,PA-44-180,2083D,1,FCM FCM,0.2,,,1,,,,,,,,,,,0.2,,,,
4/29/2000,PA-28-161,2240G,1,FCM FCM,1.2,,,1,,,,,,,,,1.2,,,,,,
4/30/2000,PA-44-180,2083D,1,FCM FCM,1.1,,,2,,,,,,,,,,,1.1,,,,
5/6/2000,PA-44-180,21318,1,FCM AXN FCM,3.0,3.0,,3,,,0.7,,3.0,,3.0,,,,3.0,,,,
5/7/2000,PA-44-180,21318,1,FCM BRD FCM,2.1,2.1,,1,,,,,,,2.1,,,,2.1,,,,
5/8/2000,PA-44-180,21318,1,FCM FCM,1.3,,,1,,,1.0,,,,,,,,1.3,,,,
5/18/2000,PA-44-180,2083D,1,FCM FCM,1.5,,,1,,,0.6,,,,,,,,1.5,,,,
5/23/2000,PA-44-180,2083D,1,FCM FCM,1.0,,,1,,,,,,,,,,,1.0,,,,
5/26/2000,PA-28-161,2240G,1,FCM FCM,1.2,,,1,,,,,,,,,1.2,,,,,,
5/29/2000,PA-28-161,2208V,1,FCM FCM,1.1,,,1,,,,,,,,,1.1,,,,,,
5/31/2000,PA-28-R-201,N2563DC,1,FCM FCM,1.2,,,1,,,,,,,,,1.2,,1.2,,,,
6/9/2000,PA-28-R-201,N2563DC,1,FCM FCM,1.6,,,1,,,,,,,,,1.6,,,,,,Commercial Checkride
6/25/2000,C172,64AF,1,DPA DPA,1.7,,,1,,,,,,,,,1.7,,1.7,,,,
6/26/2000,C172-RG,751DW,1,DPA DPA,0.7,,,1,,,,,,,,,0.7,,0.7,,,,
6/27/2000,C172,97224,1,DPA DPA,0.7,,,1,,,,,,,,,0.7,,0.7,,,,
7/4/2000,C172-RG,751DW,1,DPA DKB DPA,1.2,1.2,,1,,,,,,,,,1.2,,1.2,,,,
7/15/2000,C172-RG,616SF,1,DPA DKB DPA,2.4,2.4,,1,,,,,,,,,2.4,,2.4,,,,
7/18/2000,C172-RG,751DW,1,PWK DPA PWK,2.2,2.2,,1,,,,,,,,,2.2,,2.2,,,,
7/19/2000,C172-RG,616SF,1,DPA DKB DPA,1.4,1.4,,1,,,,,,,,,1.4,,1.4,,,,
8/30/2000,PA-28-R-201,N2563DC,1,FCM STP FCM,1.6,1.6,,1,,,,,,,,,1.6,,,,,,
8/31/2000,PA-28-R-201,N2563DC,1,STP STP,1.4,,,1,,,,,,,,,1.4,,,,,,CFI Checkride
10/18/2000,PA-28-161,98PF,1,GFK GFK,1.0,,,1,,,,,,,,,1.0,,1.0,,,,
11/22/2000,C172,6338D,1,GFK GFK,1.3,,,1,,,,,,,,,1.3,,1.3,,,,
1/12/2001,PA-28-161,157ND,1,GFK GAF GFK,2.0,2.0,,6,,,,,,,,,2.0,,2.0,,,,
1/19/2001,PA-28-161,267ND,1,GFK GFK,1.2,,,1,,,,,,,,,1.2,,,1.2,,,
1/22/2001,PA-28-161,267ND,1,GFK GFK,1.1,,,1,,,,,,,,,1.1,,,1.1,,,
1/24/2001,PA-28-161,273ND,1,GFK TVF GFK,1.5,1.5,,1,,,,,,,,,1.5,,,1.5,,,
1/31/2001,PA-28-161,240ND,1,GFK GFK,1.3,,,1,,,,,,,,,1.3,,,1.3,,,
2/5/2001,PA-28-161,251ND,1,GFK GAF GFK,1.5,1.5,,1,,,,,,,,,1.5,,,1.5,,,
2/7/2001,PA-28-161,241ND,1,GFK GFK,1.3,,,1,,,,,,,,,1.3,,,1.3,,,
2/9/2001,PA-28-161,266ND,1,GFK Y37 GFK,1.8,1.8,,1,,,,,,,,,1.8,,,1.8,,,
2/16/2001,PA-28-161,248ND,1,GFK GFK,1.4,,,1,,,,,,,,,1.4,,,1.4,,,
2/16/2001,PA-28-161,224ND,1,GFK GFK,1.0,,,1,,,,,,,,,1.0,,,1.0,,,
2/18/2001,PA-28-161,224ND,1,GFK GFK,1.5,,,1,,,,,,,,,1.5,,,1.5,,,
2/20/2001,PA-28-161,130ND,1,GFK GFK,1.8,,,1,,,,,,,,,1.8,,,1.8,,,
2/21/2001,PA-28-161,266ND,1,GFK GFK,1.5,,,1,,,,,,,,,1.5,,,1.5,,,
2/26/2001,PA-28-161,155ND,1,GFK GFK,1.6,,,1,,,,,,,,,1.6,,,1.6,,,
3/1/2001,PA-28-161,238ND,1,GFK TVF GFK,2.1,2.1,,1,,,,,,,,,2.1,,,2.1,,,
3/2/2001,PA-28-161,238ND,1,GFK GFK,1.3,,,1,,,,,,,,,1.3,,,1.3,,,
3/4/2001,PA-28-161,254ND,1,GFK 2C1 GFK,1.5,1.5,,1,,,,,,,,,1.5,,,1.5,,,
3/5/2001,PA-28-161,253ND,1,GFK GAF GFK,1.0,1.0,,1,,,,,,,,,1.0,,,1.0,,,
3/6/2001,PA-28-161,238ND,1,GFK GFK,1.1,,,1,,,,,,,,,1.1,,,1.1,,,
3/7/2001,PA-28-161,273ND,1,GFK GFK,1.3,,,1,,,,,,,,,1.3,,,1.3,,,
3/13/2001,PA-28-161,243ND,1,GFK GFK,1.4,,,1,,,,,,,,,1.4,,,1.4,,,
3/15/2001,PA-28-161,262ND,1,GFK GFK,1.3,,,1,,,,,,,,,1.3,,,1.3,,,
3/16/2001,PA-28-161,159ND,1,GFK GFK,1.5,,,1,,,,,,,,,1.5,,,1.5,,,
3/22/2001,PA-28-161,261ND,1,GFK GFK,1.4,,,1,,,,,,,,,1.4,,,1.4,,,
3/24/2001,PA-28-161,221ND,1,GFK GFK,1.3,,,1,,,,,,,,,1.3,,,1.3,,,
3/27/2001,PA-28-161,247ND,1,GFK GFK,0.9,,,1,,,,,,,,,0.9,,,0.9,,,
4/2/2001,PA-28-161,242ND,1,GFK CKN GFK,1.4,1.4,,1,,,,,,,,,1.4,,,1.4,,,
4/2/2001,PA-28-161,249ND,1,GFK GFK,1.4,,,1,,,,,,,,,1.4,,,1.4,,,
4/3/2001,PA-28-161,277ND,1,GFK GAF GFK,1.4,1.4,,1,,,,,,,,,1.4,,,1.4,,,
4/12/2001,PA-28-161,249ND,1,GFK GFK,1.6,,,1,,,,,,,,,1.6,,,1.6,,,
4/18/2001,PA-28-161,238ND,1,GFK Y37 GFK,1.5,1.5,,1,,,,,,,,,1.5,,,1.5,,,
4/23/2001,PA-28-161,275ND,1,GFK GFK,1.3,,,1,,,,,,,,,1.3,,,1.3,,,
4/24/2001,PA-28-161,224ND,1,GFK TVF ROX GFK,2.8,2.8,,1,,,,,,,2.3,,2.8,,,2.8,,,
4/24/2001,PA-28-161,267ND,1,GFK GFK,0.5,,,1,3,,,,,,,,0.5,,,,,,
4/25/2001,PA-28-161,244ND,1,GFK GFK,1.7,,,1,,,,,1.7,,,,1.7,,,1.7,,,
4/26/2001,PA-28-161,242ND,1,GFK FSE GFK,1.7,1.7,,1,3,,,,1.7,,,,1.7,,,1.7,,,
5/4/2001,PA-28-161,115ND,1,GFK GFK,0.8,,,1,,,,,,,,,0.8,,,0.8,,,
5/11/2001,PA-28-161,243ND,1,GFK GFK,1.6,,,1,,,,,,,,,1.6,,,1.6,,,
5/13/2001,PA-28-161,282ND,1,GFK GFK,1.5,,,,3,,,,1.5,,,,1.5,,,1.5,,,
5/25/2001,PA-28-161,230ND,1,GFK GFK,0.7,,,,6,,,,0.7,,,,0.7,,,0.7,,,
6/2/2001,PA-28-161,266ND,1,GFK FSE GFK,1.5,1.5,,,2,,,,1.5,,,,1.5,,,1.5,,,
6/4/2001,PA-28-161,241ND,1,GFK 2LI GFK,1.2,1.2,,1,,,,,,,,,1.2,,,1.2,,,
6/15/2001,PA-28-161,261ND,1,GFK GFK,1.1,,,1,,,,,,,,,1.1,,,1.1,,,
6/15/2001,PA-28-161,250ND,1,GFK GFK,1.0,,,1,,,,,,,,,1.0,,,1.0,,,
6/16/2001,PA-28-161,261ND,1,GFK GFK,1.3,,,1,,,,,,,,,1.3,,,1.3,,,
6/16/2001,PA-28-161,260ND,1,GFK GFK,1.1,,,1,,,,,,,,,1.1,,,1.1,,,
6/17/2001,PA-28-161,266ND,1,GFK GFK,1.2,,,1,,,,,,,,,1.2,,,1.2,,,
6/17/2001,PA-28-161,221ND,1,GFK GFK,1.2,,,1,,,,,,,,,1.2,,,1.2,,,
6/18/2001,PA-28-161,220ND,1,GFK GFK,1.8,,,1,,,,,,,,,1.8,,,1.8,,,
6/19/2001,PA-28-161,251ND,1,GFK GFK,0.6,,,1,,,,,,,,,0.6,,,0.6,,,
6/21/2001,PA-28-161,252ND,1,GFK GFK,1.3,,,1,,,,,,,,,1.3,,,1.3,,,
6/21/2001,PA-28-161,222ND,1,GFK GFK,1.4,,,1,,,,,,,,,1.4,,,1.4,,,
6/21/2001,PA-28-161,9287E,1,GFK GFK,1.1,,,1,,,,,,,,,1.1,,,1.1,,,
6/21/2001,PA-28-161,247ND,1,GFK TVF FSE GFK,2.7,2.7,,1,,,,,,,,,2.7,,,2.7,,,
6/22/2001,PA-28-161,155ND,1,GFK GFK,1.2,,,1,,,,,,,,,1.2,,,1.2,,,
6/22/2001,PA-28-161,249ND,1,GFK GFK,1.5,,,1,,,,,,,,,1.5,,,1.5,,,
6/23/2001,PA-28-161,243ND,1,GFK GFK,1.3,,,1,,,,,,,,,1.3,,,1.3,,,
6/25/2001,PA-28-161,276ND,1,GFK GFK,1.2,,,1,,,,,,,,,1.2,,,1.2,,,
6/26/2001,PA-28-161,274ND,1,GFK GFK,1.0,,,1,,,,,,,,,1.0,,,1.0,,,
6/26/2001,PA-28-161,159ND,1,GFK GFK,1.2,,,1,,,,,,,,,1.2,,,1.2,,,
6/26/2001,PA-28-161,248ND,1,GFK GFK,1.6,,,1,,,,,,,,,1.6,,,1.6,,,
6/27/2001,PA-28-161,276ND,1,GFK GFK,1.0,,,1,,,,,,,,,1.0,,,1.0,,,
6/27/2001,PA-28-161,273ND,1,GFK GFK,1.0,,,1,,,,,,,,,1.0,,,1.0,,,
7/3/2001,PA-28-161,253ND,1,GFK GFK,1.1,,,1,,,,,,,,,1.1,,,1.1,,,
7/3/2001,PA-28-161,238ND,1,GFK GFK,1.3,,,1,,,,,,,,,1.3,,,1.3,,,
7/5/2001,PA-28-161,246ND,1,GFK GFK,1.1,,,1,,,,,,,,,1.1,,,1.1,,,
7/6/2001,PA-28-161,243ND,1,GFK GFK,0.7,,,1,,,,,,,,,0.7,,,0.7,,,
7/8/2001,PA-28-161,277ND,1,GFK GFK,1.1,,,1,,,,,,,,,1.1,,,1.1,,,
7/9/2001,PA-28-161,220ND,1,GFK GFK,0.9,,,1,,,,,,,,,0.9,,,0.9,,,
7/12/2001,PA-28-161,265ND,1,GFK GFK,1.4,,,1,,,,,,,,,1.4,,,1.4,,,
7/13/2001,C182 Amphib,182ND,1,GFK Mud Lake GFK,1.5,1.5,,1,,,,,,,,,,,1.5,,,,
7/16/2001,C182 Amphib,182ND,1,GFK Mud Lake GFK,1.5,1.5,,1,,,,,,,,,,,1.5,,,,
7/18/2001,C182 Amphib,182ND,1,GFK Mud Lake GFK,1.5,1.5,,1,,,,,,,,,,,1.5,,,,
7/18/2001,PA-28-161,242ND,1,GFK GFK,1.0,,,1,,,,,,,,,1.0,,,1.0,,,
7/19/2001,PA-28-161,220ND,1,GFK GFK,1.1,,,1,,,,,,,,,1.1,,,1.1,,,
7/20/2001,PA-28-161,242ND,1,GFK GFK,1.5,,,1,,,,,,,,,1.5,,,1.5,,,
7/23/2001,PA-28-161,261ND,1,GFK GFK,1.1,,,1,,,,,,,,,1.1,,,1.1,,,
7/24/2001,PA-28-161,242ND,1,GFK GFK,1.0,,,1,,,,,,,,,1.0,,,1.0,,,
7/25/2001,PA-28-161,248ND,1,GFK GFK,1.1,,,1,,,,,,,,,1.1,,,1.1,,,
8/1/2001,PA-28-161,272ND,1,GFK GFK,1.3,,,1,,,,,,,,,1.3,,,1.3,,,
8/2/2001,C182 Amphib,182ND,1,GFK Mud Lake GFK,1.6,1.6,,1,,,,,,,,,,,1.6,,,,
8/8/2001,C182 Amphib,182ND,1,GFK Mud Lake GFK,1.4,1.4,,1,,,,,,,,,,,1.4,,,,
8/15/2001,PA-28-161,243ND,1,GFK GFK,0.5,,,1,,,,,,,,,0.5,,,0.5,,,
8/30/2001,PA-28-161,270ND,1,GFK GFK,0.7,,,1,,,,,,,,,0.7,,,0.7,,,
8/30/2001,PA-28-161,230ND,1,GFK GFK,1.0,,,1,,,,,,,,,1.0,,,1.0,,,
9/5/2001,PA-28-161,263ND,1,GFK GFK,1.0,,,1,,,,,,,,,1.0,,,1.0,,,
9/8/2001,PA-28-161,9287E,1,GFK GFK,1.0,,,1,,,,,,,,,1.0,,,1.0,,,
9/10/2001,PA-28-161,155ND,1,GFK GFK,0.5,,,1,,,,,,,,,0.5,,,0.5,,,
9/25/2001,PA-28-161,275ND,1,GFK GFK,1.0,,,1,,,,,,,,,1.0,,,1.0,,,
9/26/2001,PA-28-161,275ND,1,GFK GFK,1.1,,,1,,,,,,,,,1.1,,,1.1,,,
9/27/2001,PA-28-161,247ND,1,GFK GFK,1.0,,,1,,,,,,,,,1.0,,,1.0,,,
10/1/2001,PA-28-161,221ND,1,GFK GFK,1.4,,,1,,,,,,,,,1.4,,,1.4,,,
10/3/2001,PA-28-161,245ND,1,GFK GFK,1.2,,,1,,,,,,,,,1.2,,,1.2,,,
10/5/2001,PA-28-161,253ND,1,GFK GFK,1.4,,,1,,,,,,,,,1.4,,,1.4,,,
10/6/2001,PA-28-161,9287E,1,GFK ROX GFK,2.4,2.4,,1,,,,,,,2.4,,2.4,,,2.4,,,
10/7/2001,PA-28-161,224ND,1,GFK GFK,1.0,,,1,,,,,,,,,1.0,,,1.0,,,
10/8/2001,PA-28-161,265ND,1,GFK GFK,0.4,,,1,,,,,,,,,0.4,,,0.4,,,
10/12/2001,PA-28-161,254ND,1,GFK GFK,1.0,,,1,,,,,,,,,1.0,,,1.0,,,
10/15/2001,PA-28-161,267ND,1,GFK GFK,0.7,,,1,,,,,,,,,0.7,,,0.7,,,
10/16/2001,PA-28-161,264ND,1,GFK GFK,0.7,,,1,,,,,,,,,0.7,,,0.7,,,
10/19/2001,PA-28-161,273ND,1,GFK GFK,1.2,,,1,,,,,,,,,1.2,,,1.2,,,
11/6/2001,PA-28-161,230ND,1,GFK GFK,1.1,,,1,,,,,,,,,1.1,,,1.1,,,
11/9/2001,PA-28-161,250ND,1,GFK GFK,1.1,,,1,,,,,,,,,1.1,,,1.1,,,
11/9/2001,PA-28-161,155ND,1,GFK GFK,1.4,,,1,,,,,,,,,1.4,,,1.4,,,
11/13/2001,PA-28-161,270ND,1,GFK GFK,1.2,,,1,,,,,,,,,1.2,,,1.2,,,
11/16/2001,PA-28-161,224ND,1,GFK GFK,1.0,,,1,,,,,,,,,1.0,,,1.0,,,
11/16/2001,PA-28-161,267ND,1,GFK GFK,0.9,,,1,,,,,,,,,0.9,,,0.9,,,
11/17/2001,PA-28-161,247ND,1,GFK ROX GFK,2.6,2.6,,1,,,,,,,2.6,,2.6,,,2.6,,,
11/18/2001,PA-28-161,266ND,1,GFK GFK,1.0,,,1,,,,,,,,,1.0,,,1.0,,,
12/2/2001,PA-28-161,251ND,1,GFK GFK,1.1,,,1,,,,,,,,,1.1,,,1.1,,,
12/3/2001,PA-28-161,276ND,1,GFK GFK,1.9,,,1,,,,,,,,,1.9,,,1.9,,,
12/4/2001,PA-28-161,229ND,1,GFK GFK,0.8,,,1,,,,,,,,,0.8,,,0.8,,,
12/7/2001,PA-28-161,239ND,1,GFK GFK,1.1,,,1,,,,,,,,,1.1,,,1.1,,,
12/8/2001,PA-28-161,252ND,1,GFK GFK,1.1,,,1,,,,,,,,,1.1,,,1.1,,,
12/10/2001,PA-28-161,252ND,1,GFK FSE ROX GFK,2.1,2.1,,1,,,,,,,2.1,,2.1,,,2.1,,,
12/13/2001,PA-28-161,244ND,1,GFK GFK,0.3,,,1,,,,,,,,,0.3,,,0.3,,,
1/9/2002,PA-28-161,271ND,1,GFK GFK,1.1,,,1,,,,,,,,,1.1,,,1.1,,,
2/21/2002,PA-28-161,248ND,1,GFK GFK,1.2,,,1,,,0.1,,,,,,1.2,,1.2,,,,
6/17/2004,PA-28-161,4337V,1,FCM FCM,1.0,,,1,,,,,,,,,1.0,,1.0,,,,
11/14/2007,C152,621PA,1,GEU GEU,1.2,,,5,,,,,,,,,1.2,,,1.2,,,
11/16/2007,C172,52706,1,GEU GEU,1.7,,,2,,,,,,,,,1.7,,,1.7,,,
11/17/2007,C152,621PA,1,GEU GEU,1.4,,,5,,,,,,,,,1.4,,,1.4,,,
11/19/2007,C152,621PA,1,GEU GEU,1.6,,,2,,,,,,,,,1.6,,,1.6,,,
11/20/2007,C152,93078,1,GEU GEU,1.3,,,1,,,,,,,,,1.3,,,1.3,,,
11/21/2007,C152,93078,1,GEU GEU,1.4,,,1,,,,,,,,,1.4,,,1.4,,,
11/21/2007,C152,93078,1,GEU GEU,1.1,,,6,,,,,,,,,1.1,,,1.1,,,
11/24/2007,C152,93078,1,GEU GEU,1.4,,,5,,,,,,,,,1.4,,,1.4,,,
11/24/2007,C172,52706,1,GEU DVT GEU,1.0,1.0,,1,,,,,,,,,1.0,,,1.0,,,
11/25/2007,C172,52706,1,GEU GEU,1.5,,,3,,,,,,,,,1.5,,,1.5,,,
11/25/2007,C152,93078,1,GEU GEU,1.4,,,1,,,,,,,,,1.4,,,1.4,,,
11/26/2007,C172,52706,1,GEU GEU,1.6,,,1,,,,,,,,,1.6,,,1.6,,,
11/27/2007,C172,52706,1,GEU GEU,0.9,,,1,,,,,,,,,0.9,,,0.9,,,
11/28/2007,C172,320ME,1,GEU GEU,0.5,,,,3,,,,0.5,,,,0.5,,,,,,
11/29/2007,C172,52706,1,GEU GEU,1.1,,,1,,,,,,,,,1.1,,,1.1,,,
11/30/2007,C152,61GS,1,GEU GEU,1.2,,,1,,,,,,,,,1.2,,,1.2,,,
12/2/2007,C172,52706,1,GEU GEU,0.3,,,1,,,,,,,,,0.3,,,0.3,,,
12/2/2007,C172,97811,1,GEU DVT GEU,1.4,1.4,,1,,,,,,,,,1.4,,,1.4,,,
12/2/2007,C172,97811,1,GEU GEU,1.8,,,1,,,,,,,,,1.8,,,1.8,,,
12/2/2007,C172,52706,1,GEU GEU,0.7,,,1,,,,,,,,,0.7,,,0.7,,,
12/2/2007,C152,61GS,1,GEU GEU,1.4,,,1,,,,,,,,,1.4,,,1.4,,,
12/3/2007,C152,621PA,1,GEU GEU,0.7,,,1,,,,,,,,,0.7,,,0.7,,,
12/3/2007,C152,621PA,1,GEU BKZ GEU,1.6,1.6,,1,,,,,,,,,1.6,,,1.6,,,
12/3/2007,C152,24896,1,GEU GEU,0.8,,,1,,,,,,,,,0.8,,,0.8,,,
12/4/2007,C152,24896,1,GEU GEU,1.4,,,1,,,,,,,,,1.4,,,1.4,,,
12/4/2007,C152,621PA,1,GEU GEU,0.7,,,1,,,,,,,,,0.7,,,0.7,,,
12/6/2007,C152,621PA,1,GEU GEU,0.6,,,1,,,,,,,,,0.6,,,0.6,,,
12/7/2007,C152,68806,1,GEU GYR GEU,1.3,,,1,,,,,,,,,1.3,,,1.3,,,
12/7/2007,C152,68806,1,GEU GEU,1.1,,,1,,,,,,,,,1.1,,,1.1,,,
12/8/2007,C152,68806,1,GEU GEU,1.2,,,1,,,,,,,,,1.2,,,1.2,,,
12/8/2007,C152,93078,1,GEU GEU,1.0,,,1,,,,,,,,,1.0,,,1.0,,,
12/10/2007,C152,93078,1,GEU GEU,1.2,,,1,,,,,,,,,1.2,,,1.2,,,
12/11/2007,C172,104MA,1,GEU GEU,1.8,,,1,,,,,,,,,1.8,,,1.8,,,
12/11/2007,C152,93078,1,GEU GEU,1.3,,,1,,,,,,,,,1.3,,,1.3,,,
12/11/2007,C152,93078,1,GEU GEU,0.4,,,1,,,,,,,,,0.4,,,0.4,,,
12/12/2007,C172,104MA,1,GEU DVT GEU,1.9,1.9,,1,,,,,,,,,1.9,,,1.9,,,
12/12/2007,C152,93078,1,GEU GEU,2.0,,,1,,,,,,,,,2.0,,,2.0,,,
12/13/2007,C152,93078,1,GEU GEU,1.7,,,1,,,,,,,,,1.7,,,1.7,,,
12/13/2007,C152,93078,1,GEU GEU,1.8,,,1,,,,,,,,,1.8,,,1.8,,,
12/14/2007,C172,52706,1,GEU GEU,1.6,,,1,,,,,,,,,1.6,,,1.6,,,
12/14/2007,C152,93078,1,GEU GEU,1.4,,,1,,,,,,,,,1.4,,,1.4,,,
12/14/2007,C152,621PA,1,GEU GEU,1.8,,,1,,,,,,,,,1.8,,,1.8,,,
12/15/2007,C152,61GS,1,GEU GEU,0.6,,,1,,,,,,,,,0.6,,,0.6,,,
12/15/2007,C152,61GS,1,GEU GEU,0.3,,,1,,,,,,,,,0.3,,,0.3,,,
12/15/2007,C152,68806,1,GEU DVT GEU,1.1,1.1,,1,,,,,,,,,1.1,,,1.1,,,
12/15/2007,C172,52706,1,GEU GEU,1.5,,,1,,,,,,,,,1.5,,,1.5,,,
12/17/2007,C172,104MA,1,GEU GEU,1.9,,,1,,,,,,,,,1.9,,,1.9,,,
12/17/2007,C152,621PA,1,GEU GEU,1.3,,,1,,,,,,,,,1.3,,,1.3,,,
12/17/2007,C152,68806,1,GEU GEU,0.3,,,1,,,,,,,,,0.3,,,0.3,,,
12/18/2007,C152,93078,1,GEU AVQ GEU,2.8,2.8,,1,,,,,,,2.8,,2.8,,,2.8,,,
12/18/2007,C152,68806,1,GEU GEU,1.6,,,,5,,,,1.6,,,,1.6,,,1.6,,,
12/19/2007,C152,68806,1,GEU AVQ GEU,2.5,2.5,,,2,,,,2.5,,2.5,,2.5,,,2.5,,,
12/21/2007,C152,93078,1,GEU GEU,1.2,,,1,,,,,,,,,1.2,,,1.2,,,
12/21/2007,C172,104MA,1,GEU GEU,0.4,,,1,,,,,,,,,0.4,,,0.4,,,
1/3/2008,C152,5436L,1,GEU GEU,1.5,,,1,,,,,,,,,1.5,,,1.5,,,
1/4/2008,C152,5436L,1,GEU GEU,1.5,,,1,,,,,,,,,1.5,,,1.5,,,
1/4/2008,C172,5472K,1,GEU GEU,1.5,,,1,,,,,,,,,1.5,,,1.5,,,
1/5/2008,C152,5436L,1,GEU GEU,1.2,,,1,,,,,,,,,1.2,,,1.2,,,
1/8/2008,C152,68806,1,GEU PRC GEU,1.8,1.8,,1,,,,,,,1.8,,1.8,,,1.8,,,
1/8/2008,C172,5472K,1,GEU GEU,0.5,,,1,,,,,,,,,0.5,,,0.5,,,
1/9/2008,BE-95,460DG,1,IGM IGM,1.5,,,4,,0.3,,1,,,,,,,1.5,,,,
1/10/2008,BE-95,460DG,1,IGM IGM,1.5,,,3,,0.4,,2,,,,,,,1.5,,,,
1/10/2008,BE-95,460DG,1,IGM IGM,1.1,,,3,,0.2,,1,,,,,1.1,,,,,,Commercial Multi Checkride
1/11/2008,C152,93078,1,GEU GEU,1.5,,,1,,,,,,,,,1.5,,,1.5,,,
1/11/2008,C152,93078,1,GEU BKZ GEU,1.1,1.1,,1,,,,,,,,,1.1,,,1.1,,,
1/11/2008,C172,6532F,1,GEU GEU,1.4,,,1,,,,,,,,,1.4,,,1.4,,,
1/12/2008,C172,5472K,1,GEU GEU,0.8,,,1,,,,,,,,,0.8,,,,,,
1/12/2008,C152,68806,1,GEU GEU,1.4,,,1,,,,,,,,,1.4,,,1.4,,,
1/12/2008,C152,68806,1,GEU GEU,1.5,,,1,,,,,,,,,1.5,,,1.5,,,
1/13/2008,C152,24896,1,GEU GEU,1.6,,,1,,,,,,,,,1.6,,,1.6,,,
1/13/2008,C172,97811,1,GEU GEU,1.6,,,1,,,,,,,,,1.6,,,1.6,,,
1/14/2008,C172,5472K,1,GEU AVQ GEU,2.4,2.4,,3,,,,,,,2.4,,2.4,,,2.4,,,
1/15/2008,C152,24896,1,GEU GEU,1.6,,,1,,,,,,,,,1.6,,,1.6,,,
1/15/2008,C172,104MA,1,GEU GEU,1.7,,,,5,,,,1.7,,,,1.7,,,1.7,,,
1/16/2008,C172,320ME,1,GEU GEU,0.8,,,1,,,,,,,,,0.8,,,,,,
1/19/2008,C152,6561Q,1,GEU GEU,1.4,,,1,,,,,,,,,1.4,,,1.4,,,
1/19/2008,C172,97811,1,GEU GEU,2.0,,,3,,,,,,,,,2.0,,,2.0,,,
1/19/2008,C152,24896,1,GEU GEU,0.6,,,1,,,,,,,,,0.6,,,0.6,,,
1/20/2008,C152,24896,1,GEU GEU,1.0,,,1,,,,,,,,,1.0,,,1.0,,,
1/20/2008,C172,97811,1,GEU AVQ GEU,2.0,2.0,,,5,,,,2.0,,2.0,,2.0,,,2.0,,,
1/21/2008,C172,97811,1,GEU GEU,1.4,,,1,,,,,,,,,1.4,,,1.4,,,
1/21/2008,C152,24896,1,GEU GEU,1.0,,,1,,,,,,,,,1.0,,,1.0,,,
1/22/2008,C152,621PA,1,GEU GEU,1.5,,,1,,,,,,,,,1.5,,,1.5,,,
1/25/2008,C172,320ME,1,GEU CGZ GEU,2.8,2.8,,1,,,2.6,3,,,,,,,2.8,,,,
1/25/2008,DA-42,676SA,1,SDL CGZ SDL,1.3,1.3,,1,,,0.5,1,,,,,1.3,,1.3,,,,
1/25/2008,C152,24896,1,GEU GEU,1.4,,,1,,,,,,,,,1.4,,,1.4,,,
1/25/2008,C152,5436L,1,GEU GEU,2.2,,,1,,,,,,,,,2.2,,,2.2,,,
1/26/2008,C152,5436L,1,GEU GEU,1.1,,,1,,,,,,,,,1.1,,,1.1,,,
1/28/2008,C152,93078,1,GEU GEU,0.8,,,1,,,,,,,,,0.8,,,0.8,,,
1/31/2008,C152,621PA,1,GEU GEU,1.1,,,1,,,,,,,,,1.1,,,1.1,,,
1/31/2008,C152,621PA,1,GEU AVQ GEU,2.4,2.4,,2,,,,,,,2.4,,2.4,,,2.4,,,
2/1/2008,C152,6561Q,1,GEU DVT GEU,1.3,1.3,,5,,,,,,,,,1.3,,,1.3,,,
2/5/2008,C172,5472K,1,GEU PRC GEU,1.9,1.9,,1,,,,,,,1.9,,1.9,,,1.9,,,
2/5/2008,C152,93078,1,GEU GEU,1.1,,,1,,,,,,,,,1.1,,,1.1,,,
2/5/2008,C152,621PA,1,GEU GEU,1.4,,,1,,,,,,,,,1.4,,,1.4,,,
2/6/2008,C152,93078,1,GEU AVQ GEU,2.4,2.4,,5,,,,,2.4,,2.4,,2.4,,,2.4,,,
2/6/2008,C152,93078,1,GEU GEU,1.1,,,7,,,,,,,,,1.1,,,1.1,,,
2/6/2008,C152,93078,1,GEU GEU,1.3,,,1,,,,,,,,,1.3,,,1.3,,,
2/8/2008,C172,6532F,1,GEU GEU,1.2,,,1,,,,,,,,,1.2,,,1.2,,,
2/8/2008,C152,6561Q,1,GEU CGZ GEU,1.9,1.9,,1,,,,,,,,,1.9,,,1.9,,,
2/8/2008,C152,6561Q,1,GEU GEU,0.9,,,1,,,,,,,,,0.9,,,0.9,,,
2/9/2008,C152,93078,1,GEU BKZ GEU,1.9,1.9,,5,,,,,,,,,1.9,,,1.9,,,
2/10/2008,C172,6532F,1,GEU BKZ GEU,2.0,2.0,,1,,,,,,,,,2.0,,,2.0,,,
2/10/2008,C152,5436L,1,GEU GEU,1.1,,,1,,,,,,,,,1.1,,,1.1,,,
2/11/2008,C172,N188VE,1,GEU F25 GEU,1.4,1.4,,1,,,,,,,,,1.4,,,1.4,,,
2/11/2008,C152,621PA,1,GEU GEU,1.3,,,1,,,,,,,,,1.3,,,1.3,,,
2/11/2008,C152,621PA,1,GEU GEU,1.1,,,1,,,,,,,,,1.1,,,1.1,,,
2/11/2008,C152,621PA,1,GEU GEU,1.0,,,1,,,,,,,,,1.0,,,1.0,,,
2/12/2008,C172,104MA,1,GEU GEU,1.0,,,1,,,,,,,,,1.0,,,1.0,,,
2/12/2008,C152,93078,1,GEU GEU,1.1,,,1,,,,,,,,,1.1,,,1.1,,,
2/12/2008,C152,5436L,1,GEU PRC GEU,2.6,2.6,,1,,,,,,,2.6,,2.6,,,2.6,,,
2/12/2008,C152,5436L,1,GEU GEU,1.1,,,1,,,,,,,,,1.1,,,1.1,,,
2/13/2008,C152,61GS,1,GEU GEU,1.1,,,1,,,,,,,,,1.1,,,1.1,,,
2/13/2008,C152,543GL,1,GEU GEU,1.2,,,1,,,,,,,,,1.2,,,1.2,,,
2/13/2008,C152,543GL,1,GEU GEU,1.2,,,1,,,,,,,,,1.2,,,1.2,,,
2/14/2008,C152,24896,1,GEU GEU,1.2,,,1,,,,,,,,,1.2,,,1.2,,,
2/17/2008,C152,5350P,1,RVS CSM,2.1,2.1,,1,,,,,,,2.1,,2.1,,,,,,
2/17/2008,C152,5350P,1,CSM LBB,2.3,2.3,,1,,,,,1.0,,2.3,,2.3,,,,,,
2/18/2008,C152,5350P,1,LBB ATS,2.1,2.1,,1,,,,,,,2.1,,2.1,,,,,,
2/18/2008,C152,5350P,1,ATS DMN,3.4,3.4,,1,,,,,,,3.4,,3.4,,,,,,
2/19/2008,C152,5350P,1,DMN TUC,2.4,2.4,,1,,,,,,,2.4,,2.4,,,,,,
2/19/2008,C152,5350P,1,TUC AVQ,0.5,0.5,,1,,,,,,,0.5,,0.5,,,,,,
2/19/2008,C152,5350P,1,AVQ GEU,1.1,1.1,,1,,,,,,,1.1,,1.1,,,,,,
2/21/2008,C152,621PA,1,GEU GEU,0.8,,,1,,,,,,,,,0.8,,,0.8,,,
2/22/2008,C152,24896,1,GEU GYR GEU,1.0,1.0,,1,,,,,,,,,1.0,,,1.0,,,
2/23/2008,C152,24896,1,GEU GEU,1.0,,,1,,,,,,,,,1.0,,,1.0,,,
2/23/2008,C152,24896,1,GEU GEU,1.2,,,1,,,,,,,,,1.2,,,1.2,,,
2/23/2008,C152,24896,1,GEU GYR GEU,1.6,1.6,,2,,,,,,,,,1.6,,,1.6,,,
2/24/2008,C152,24896,1,GEU GEU,1.5,,,8,,,,,,,,,1.5,,,1.5,,,
2/24/2008,C152,24896,1,GEU GEU,1.3,,,3,,,,,,,,,1.3,,,1.3,,,
2/25/2008,C152,621PA,1,GEU GEU,1.2,,,1,,,,,,,,,1.2,,,1.2,,,
2/25/2008,C152,24896,1,GEU DVT GEU,0.7,0.7,,1,,,,,,,,,0.7,,,0.7,,,
2/25/2008,C152,61GS,1,GEU DVT GEU,1.1,1.1,,1,,,,,1.1,,,,1.1,,,1.1,,,
2/26/2008,C172,320ME,1,GEU GEU,0.9,,,1,,,,,,,,,0.9,,,0.9,,,
2/26/2008,C172,320ME,1,GEU GEU,0.9,,,1,,,,,,,,,0.9,,,0.9,,,
2/26/2008,C172,320ME,1,GEU GEU,0.8,,,1,,,,,,,,,0.8,,,0.8,,,
2/29/2008,C172,320ME,1,GEU GEU,1.2,,,1,,,,,,,,,1.2,,,1.2,,,
2/29/2008,C172,320ME,1,GEU GEU,1.1,,,1,,,,,,,,,1.1,,,1.1,,,
2/29/2008,C172,320ME,1,GEU GEU,1.2,,,1,,,,,,,,,1.2,,,1.2,,,
3/1/2008,C152,94802,1,GEU GEU,1.0,,,1,,,,,,,,,1.0,,,1.0,,,
3/1/2008,C152,94802,1,GEU GEU,1.3,,,1,,,,,,,,,1.3,,,1.3,,,
3/1/2008,C152,94802,1,GEU GEU,1.2,,,1,,,,,,,,,1.2,,,1.2,,,
3/1/2008,C172,52706,1,GEU AVQ GEU,2.2,2.2,,1,,,,,,,2.2,,2.2,,,2.2,,,
3/1/2008,C152,94802,1,GEU GEU,1.2,,,1,,,,,,,,,1.2,,,1.2,,,
3/2/2008,C152,94802,1,GEU GEU,1.1,,,1,,,,,,,,,1.1,,,1.1,,,
3/2/2008,C152,94802,1,GEU GEU,1.1,,,1,,,,,,,,,1.1,,,1.1,,,
3/2/2008,C152,94802,1,GEU GEU,1.1,,,1,,,,,,,,,1.1,,,1.1,,,
3/3/2008,C172,5023J,1,GEU GEU,1.1,,,1,,,,,,,,,1.1,,,1.1,,,
3/4/2008,C152,621PA,1,GEU GEU,1.3,,,1,,,,,,,,,1.3,,,1.3,,,
3/4/2008,C152,93078,1,GEU GEU,1.4,,,1,,,,,,,,,1.4,,,1.4,,,
3/4/2008,C152,93078,1,GEU BKZ GEU,1.5,1.5,,1,,,,,,,,,1.5,,,1.5,,,
3/9/2008,C152,93078,1,GEU GEU,1.0,,,1,,,,,,,,,1.0,,,1.0,,,
3/9/2008,C152,93078,1,GEU GEU,1.0,,,1,,,,,,,,,1.0,,,1.0,,,
3/10/2008,C152,93078,1,GEU GEU,1.2,,,1,,,,,,,,,1.2,,,1.2,,,
3/10/2008,C152,24896,1,GEU GEU,1.1,,,1,,,,,,,,,1.1,,,1.1,,,
3/10/2008,C152,24896,1,GEU GEU,1.0,,,1,,,,,,,,,1.0,,,1.0,,,
3/10/2008,C172,52706,1,GEU BKZ GEU,1.0,1.0,,1,,,,,,,,,1.0,,,1.0,,,
3/10/2008,C152,93078,1,GEU GEU,0.3,,,1,,,,,,,,,0.3,,,0.3,,,
3/11/2008,C152,94802,1,GEU BKZ GEU,1.4,1.4,,1,,,,,,,,,1.4,,,1.4,,,
3/11/2008,C152,94802,1,GEU GEU,1.1,,,1,,,,,,,,,1.1,,,1.1,,,
3/11/2008,C152,94802,1,GEU GEU,1.0,,,1,,,,,,,,,1.0,,,1.0,,,
3/13/2008,C152,93078,1,GEU GEU,1.0,,,8,,,,,,,,,1.0,,,1.0,,,
3/13/2008,C152,93078,1,GEU GEU,1.0,,,1,,,,,,,,,1.0,,,1.0,,,
3/13/2008,C152,93078,1,GEU GEU,1.1,,,1,,,,,,,,,1.1,,,1.1,,,
3/19/2008,PA-28-161,526PU,1,FCM FCM,1.2,,,1,,,,,,,,,1.2,,1.2,,,,
3/19/2008,C172,2436W,1,FCM FCM,1.2,,,1,,,,,,,,,1.2,,1.2,,,,
3/23/2008,C172,2436W,1,FCM FCM,1.2,,,1,,,,,,,,,1.2,,,1.2,,,
3/24/2008,C172,2436W,1,FCM FCM,1.0,,,1,,,,,,,,,1.0,,,1.0,,,
3/24/2008,C172,390FA,1,FCM FCM,1.3,,,1,,,,,,,,,1.3,,,1.3,,,
3/24/2008,C172,2436W,1,FCM FCM,1.0,,,1,,,,,,,,,1.0,,,1.0,,,
3/24/2008,C172,2436W,1,FCM FCM,0.5,,,1,,,,,,,,,0.5,,,0.5,,,
3/25/2008,C172,390FA,1,FCM FCM,1.1,,,1,,,,,,,,,1.1,,,1.1,,,
3/26/2008,PA-28-161,528PU,1,FCM CGG FCM,1.4,1.4,,1,,,,,,,1.4,,1.4,,,1.4,,,
3/26/2008,C172,2436W,1,FCM CGG FCM,2.3,2.3,,1,,,,,,,2.3,,2.3,,,2.3,,,
3/27/2008,C172,2436W,1,FCM FCM,0.9,,,1,,,,,,,,,0.9,,,0.9,,,
3/27/2008,PA-28-161,526PU,1,FCM STP LVN FCM,1.5,1.5,,1,,,,,,,,,1.5,,,1.5,,,
3/27/2008,PA-28-161,526PU,1,FCM CGG FCM,1.2,1.2,,1,,,,,,,,,1.2,,,1.2,,,
3/28/2008,PA-28-161,526PU,1,FCM CBG FCM,1.5,1.5,,1,,,,,,,,,1.5,,,,,,
3/28/2008,PA-28-161,526PU,1,FCM FCM,1.3,,,1,,,,,,,,,1.3,,,1.3,,,
3/30/2008,C172,390FA,1,FCM FCM,1.2,,,1,,,,,,,,,1.2,,,1.2,,,
4/3/2008,PA-28-161,4337V,1,FCM FCM,1.1,,,1,,,,,,,,,1.1,,,1.1,,,
4/4/2008,PA-28-161,4337V,1,FCM CBG,0.5,0.5,,1,,,,,,,,,0.5,,,,,,
4/4/2008,PA-28-161,4337V,1,CBG CBG,2.1,2.1,2.1,1,,,,,,,,,2.1,,,,,,
4/4/2008,PA-28-161,4337V,1,CBG FCM,0.5,0.5,,1,,,,,,,,,0.5,,,,,,
4/5/2008,C172,5088Q,1,FCM FCM,0.5,,,1,,,,,,,,,0.5,,,0.5,,,
4/9/2008,C172,5088Q,1,FCM FCM,0.5,,,1,,,,,,,,,0.5,,,0.5,,,
4/14/2008,PA-28-161,4337V,1,FCM CBG,0.6,0.6,,1,,,,,,,,,0.6,,,,,,
4/14/2008,PA-28-161,4337V,1,CBG STP CBG ,4.3,4.3,4.3,1,,,,,,,,,4.3,,,,,,
4/14/2008,PA-28-161,4337V,1,CBG FCM,0.4,0.4,,1,,,,,,,,,0.4,,,,,,
4/15/2008,PA-28-161,4337V,1,FCM CBG,0.6,0.6,,1,,,,,,,,,0.6,,,,,,
4/15/2008,PA-28-161,4337V,1,CBG STP CBG,4.6,4.6,4.6,1,,,,,,,,,4.6,,,,,,
4/15/2008,PA-28-161,4337V,1,CBG FCM,0.4,0.4,,1,,,,,,,,,0.4,,,,,,
4/16/2008,PA-28-161,4337V,1,FCM CBG,0.3,0.3,,1,,,,,,,,,0.3,,,,,,
4/16/2008,PA-28-161,4337V,1,CBG STP CBG,4.2,4.2,4.2,1,,,,,,,,,4.2,,,,,,
4/16/2008,PA-28-161,4337V,1,CBG FCM,0.7,0.7,,1,,,,,,,,,0.7,,,,,,
4/18/2008,PA-28-161,4349K,1,FCM LXL,1.0,1.0,,1,,,,,,,1.0,,1.0,,,,,,
4/18/2008,PA-28-161,4349K,1,LXL LXL,5.0,5.0,5.0,1,,,,,,,,,5.0,,,,,,
4/18/2008,PA-28-161,4349K,1,LXL FCM,1.0,1.0,,1,,,,,,,1.0,,1.0,,,,,,
4/19/2008,PA-28-181,4370N,1,FCM LXL,0.8,0.8,,1,,,,,,,0.8,,0.8,,,,,,
4/19/2008,PA-28-181,4370N,1,LXL LXL,4.8,4.8,4.8,1,,,,,,,,,4.8,,,,,,
4/19/2008,PA-28-181,4370N,1,LXL FCM,1.2,1.2,,1,,,,,,,1.2,,1.2,,,,,,
4/20/2008,C172,2436W,1,FCM LXL,0.8,0.8,,1,,,,,,,0.8,,0.8,,,,,,
4/20/2008,C172,2436W,1,LXL LXL,3.5,3.5,3.5,1,,,,,,,,,3.5,,,,,,
4/20/2008,C172,2436W,1,LXL FCM,1.2,1.2,,1,,,,,,,1.2,,1.2,,,,,,
4/21/2008,PA-28-161,4337V,1,FCM LXL,0.9,0.9,,1,,,,,,,0.9,,0.9,,,,,,
4/21/2008,PA-28-161,4337V,1,LXL LXL,3.1,3.1,3.1,1,,,,,,,,,3.1,,,,,,
4/21/2008,PA-28-161,4337V,1,LXL FCM,1.1,1.1,,1,,,,,,,1.1,,1.1,,,,,,
4/22/2008,PA-28-161,526PU,1,FCM LXL,0.8,0.8,,1,,,,,,,0.8,,0.8,,,,,,
4/22/2008,PA-28-161,526PU,1,LXL LXL,3.0,3.0,3.0,1,,,,,,,,,3.0,,,,,,
4/22/2008,PA-28-161,526PU,1,LXL FCM,1.2,1.2,,1,,,,,,,1.2,,1.2,,,,,,
4/23/2008,PA-28-161,526PU,1,FCM FCM,1.1,,,1,,,,,,,,,1.1,,,1.1,,,
4/23/2008,PA-28-161,4337V,1,FCM LXL,0.7,0.7,,1,,,,,,,0.7,,0.7,,,,,,
4/23/2008,PA-28-161,4337V,1,LXL LXL,5.5,5.5,5.5,1,,,,,,,,,5.5,,,,,,
4/23/2008,PA-28-161,4337V,1,LXL FCM,1.3,1.3,,1,,,,,,,1.3,,1.3,,,,,,
4/27/2008,PA-28-161,523PU,1,FCM FCM,1.4,,,1,,,,,,,,,1.4,,,1.4,,,
4/28/2008,PA-28-161,523PU,1,FCM FCM,0.8,,,1,,,,,,,,,0.8,,,0.8,,,
4/28/2008,PA-28-161,523PU,1,FCM FCM,1.1,,,1,,,,,,,,,1.1,,,1.1,,,
4/29/2008,C172,2436W,1,FCM FCM,1.1,,,3,,,,,,,,,1.1,,,1.1,,,
4/30/2008,PA-28-181,92505,1,FCM FCM,1.0,,,1,,,,,,,,,1.0,,,1.0,,,
4/30/2008,PA-28-161,4337V,1,FCM LXL,0.8,0.8,,1,,,,,,,0.8,,0.8,,,,,,
4/30/2008,PA-28-161,4337V,1,LXL LXL,5.6,5.6,5.6,1,,,,,,,,,5.6,,,,,,
4/30/2008,PA-28-161,4337V,1,LXL FCM,0.9,0.9,,1,,,,,,,0.9,,0.9,,,,,,
5/1/2008,C172,5088Q,1,FCM FCM,0.8,,,1,,,,,,,,,0.8,,,,,,
5/3/2008,C172,390FA,1,FCM FCM,0.5,,,1,,,,,,,,,0.5,,,0.5,,,
5/3/2008,C172,390FA,1,FCM FCM,0.5,,,1,,,,,,,,,0.5,,,0.5,,,
5/4/2008,PA-28-161,4349K,1,FCM LXL,0.9,0.9,,1,,,,,,,0.9,,0.9,,,,,,
5/4/2008,PA-28-161,4349K,1,LXL LXL,6.2,6.2,6.2,1,,,,,,,,,6.2,,,,,,
5/4/2008,PA-28-161,4349K,1,LXL FCM,0.9,0.9,,1,,,,,,,0.9,,0.9,,,,,,
5/5/2008,C172,5088Q,1,FCM FCM,1.0,,,1,,,,,,,,,1.0,,,1.0,,,
5/5/2008,PA-28-161,4349K,1,FCM LXL,0.9,0.9,,1,,,,,,,0.9,,0.9,,,,,,
5/5/2008,PA-28-161,4349K,1,LXL LXL,5.3,5.3,5.3,1,,,,,,,,,5.3,,,,,,
5/5/2008,PA-28-161,4349K,1,LXL FCM,0.9,0.9,,1,,,,,,,0.9,,0.9,,,,,,
5/6/2008,PA-28-161,4349K,1,FCM LXL,0.9,0.9,,1,,,,,,,0.9,,0.9,,,,,,
5/6/2008,PA-28-161,4349K,1,LXL LXL,5.5,5.5,5.5,1,,,,,,,,,5.5,,,,,,
5/6/2008,PA-28-161,4349K,1,LXL FCM,0.9,0.9,,1,,,,,,,0.9,,0.9,,,,,,
5/6/2008,C172,390FA,1,FCM FCM,1.0,,,1,,,,,,,,,1.0,,,1.0,,,
5/7/2008,PA-28-161,4349K,1,FCM LXL,0.9,0.9,,1,,,,,,,0.9,,0.9,,,,,,
5/7/2008,PA-28-161,4349K,1,LXL LXL,6.2,6.2,6.2,1,,,,,,,,,6.2,,,,,,
5/7/2008,PA-28-161,4349K,1,LXL FCM,0.9,0.9,,1,,,,,,,0.9,,0.9,,,,,,
5/8/2008,PA-28-161,4349K,1,FCM LXL,0.9,0.9,,1,,,,,,,0.9,,0.9,,,,,,
5/8/2008,PA-28-161,4349K,1,LXL LXL,5.5,5.5,5.5,1,,,,,,,,,5.5,,,,,,
5/8/2008,PA-28-161,4349K,1,LXL FCM,0.7,0.7,,1,,,,,,,0.7,,0.7,,,,,,
5/8/2008,C172,2436W,1,FCM FCM,1.0,,,1,,,,,,,,,1.0,,,,,,
5/9/2008,PA-28-161,4349K,1,FCM LXL,0.9,0.9,,1,,,,,,,0.9,,0.9,,,,,,
5/9/2008,PA-28-161,4349K,1,LXL LXL,5.5,5.5,5.5,1,,,,,,,,,5.5,,,,,,
5/9/2008,PA-28-161,4349K,1,LXL FCM,0.8,0.8,,1,,,,,,,0.8,,0.8,,,,,,
5/12/2008,C172,390FA,1,FCM FCM,1.0,,,1,,,,,,,,,1.0,,,1.0,,,
5/12/2008,PA-28-161,523PU,1,FCM FCM,1.0,,,1,,,,,,,,,1.0,,,1.0,,,
5/12/2008,C172,2436W,1,FCM FCM,1.3,,,1,,,,,,,,,1.3,,,1.3,,,
5/13/2008,C172,2436W,1,FCM FCM,0.8,,,1,,,,,,,,,0.8,,,0.8,,,
5/14/2008,PA-28-161,523PU,1,FCM FCM,1.0,,,1,,,,,,,,,1.0,,,1.0,,,
5/14/2008,C172,2436W,1,FCM FCM,1.2,,,1,,,,,,,,,1.2,,,1.2,,,
5/15/2008,C172,2436W,1,FCM FCM,1.1,,,1,,,,,,,,,1.1,,,1.1,,,
5/15/2008,PA-28-161,526PU,1,FCM FCM,0.8,,,1,,,,,,,,,0.8,,,0.8,,,
5/15/2008,PA-28-161,4349K,1,FCM FCM,1.0,,,1,,,,,,,,,1.0,,,1.0,,,
5/16/2008,PA-28-161,523PU,1,FCM 10D FCM,1.3,1.3,,1,,,,,,,,,1.3,,,1.3,,,
5/16/2008,C172,2436W,1,FCM FCM,1.0,,,1,,,,,,,,,1.0,,,1.0,,,
5/16/2008,C172,390FA,1,FCM 10D FCM,1.0,1.0,,1,,,,,,,,,1.0,,,1.0,,,
5/17/2008,C172,2436W,1,FCM FCM,0.9,,,1,,,,,,,,,0.9,,,0.9,,,
5/17/2008,C152,67973,1,FCM 10D FCM,1.4,1.4,,1,,,,,,,,,1.4,,,1.4,,,
5/17/2008,C152,67973,1,FCM FCM,0.8,,,1,,,,,,,,,0.8,,,0.8,,,
5/18/2008,PA-28-161,4349K,1,FCM LXL,1.1,1.1,,1,,,,,,,1.1,,1.1,,,,,,
5/18/2008,PA-28-161,4349K,1,LXL LXL,5.0,5.0,5.0,1,,,,,,,,,5.0,,,,,,
5/18/2008,PA-28-161,4349K,1,LXL FCM,0.9,0.9,,1,,,,,,,0.9,,0.9,,,,,,
5/19/2008,C172,2436W,1,FCM FCM,1.1,,,1,,,,,,,,,1.1,,,1.1,,,
5/19/2008,C172,390FA,1,FCM FCM,1.0,,,1,,,,,,,,,1.0,,,1.0,,,
5/19/2008,C152,67973,1,FCM FCM,0.9,,,1,,,,,,,,,0.9,,,0.9,,,
5/20/2008,PA-28-161,4349K,1,FCM FCM,1.0,1.0,,1,,,,,,,,,1.0,,,1.0,,,
5/20/2008,PA-28-161,4349K,1,FCM FCM,0.7,,,1,,,,,,,,,0.7,,,0.7,,,
5/21/2008,PA-28-161,523PU,1,FCM 10D FCM,1.1,1.1,,1,,,,,,,,,1.1,,,1.1,,,
5/21/2008,C172,2436W,1,FCM FCM,0.5,,,1,,,,,,,,,0.5,,,0.5,,,
5/21/2008,PA-28-161,4349K,1,FCM FCM,1.2,,,1,,,,,,,,,1.2,,,1.2,,,
5/21/2008,C172,2436W,1,FCM FCM,0.5,,,1,,,,,,,,,0.5,,,0.5,,,
5/22/2008,C152,46953,1,FCM FCM,1.1,,,1,,,,,,,,,1.1,,,1.1,,,
5/22/2008,PA-28-161,4349K,1,FCM FCM,1.2,,,1,,,,,,,,,1.2,,,1.2,,,
5/22/2008,C172,390FA,1,FCM FCM,1.3,,,1,,,,,,,,,1.3,,,1.3,,,
5/23/2008,C152,46953,1,FCM FCM,0.9,,,1,,,,,,,,,0.9,,,0.9,,,
5/23/2008,PA-28-161,4349K,1,FCM FCM,1.0,,,1,,,,,,,,,1.0,,,1.0,,,
5/24/2008,PA-28-161,4349K,1,FCM AVN FCM,1.0,1.0,,3,,,,,,,,,1.0,,,1.0,,,last in paper logbook
5/26/2008,C152,46953,1,FCM FCM,1.1,,,1,,,,,,,,,1.1,,,1.1,,,Fortin
5/27/2008,C172,5096c,1,FCM FCM,0.5,,,1,,,,,,,,,0.5,,,0.5,,,Discovery Flight
5/27/2008,PA-28-161,4349K,1,FCM FCM,1.1,,,1,,,,,,,,,1.1,,,1.1,,,Timmerman
5/27/2008,PA-28-161,4349K,1,FCM FCM,1.1,,,1,,,,,,,,,1.1,,,1.1,,,Och
5/30/2008,C152,46953,1,FCM STP FCM,1.7,1.7,,6,,,,,,,,,1.7,,,1.7,,,Fortin
5/31/2008,C172,2436W,1,FCM FCM,0.5,,,1,,,,,,,,,0.5,,,0.5,,,Discovery Flight
5/31/2008,C152,46953,1,FCM 10D FCM,1.7,1.7,,1,,,,,,,,,1.7,,,1.7,,,Fortin
5/31/2008,PA-28-161,4337V,1,FCM FCM,0.9,,,1,,,,,,,,,0.9,,,0.9,,,Och
6/1/2008,C172,390FA,1,FCM FCM,0.5,,,1,,,,,,,,,0.5,,,0.5,,,Discovery Flight
6/1/2008,C172,390FA,1,FCM FCM,0.5,,,1,,,,,,,,,0.5,,,0.5,,,Discovery Flight
6/1/2008,C152,46953,1,FCM FCM,1.0,,,1,,,,,,,,,1.0,,,1.0,,,Fortin
6/1/2008,C152,46953,1,FCM FCM,1.7,,,1,,,,,,,,,1.7,,,1.7,,,Dan Baker
6/2/2008,C152,46953,1,FCM FCM,1.1,,,1,,,,,,,,,1.1,,,1.1,,,Fortin
6/2/2008,PA-28-161,4337V,1,FCM FCM,1.0,,,1,,,,,,,,,1.0,,,1.0,,,Timmerman
6/2/2008,PA-28-161,4337V,1,FCM FCM,1.5,,,1,,,,,,,,,1.5,,,1.5,,,Och
6/2/2008,C172,390FA,1,FCM FCM,0.8,,,1,,,,,,,,,0.8,,,0.8,,,Nate Peterson
6/3/2008,C152,46953,1,FCM FCM,0.7,,,1,,,,,,,,,0.7,,,0.7,,,Fortin
6/4/2008,C152,46953,1,FCM FCM,1.0,,,1,,,,,,,,,1.0,,,1.0,,,Jones
6/6/2008,C172,2436W,1,FCM FCM,0.6,,,1,,,,,,,,,0.6,,,0.6,,,Diebold
6/7/2008,PA-28-161,4349K,1,FCM FCM,1.3,,,1,,,,,,,,,1.3,,,1.3,,,Nami
6/7/2008,PA-28-161,4337V,1,FCM FCM,0.8,,,1,,,,,,,,,0.8,,,0.8,,,Giles
6/8/2008,C152,46953,1,FCM FCM,1.0,,,1,,,,,,,,,1.0,,,,,,Dick Friedricson Photo Flight
6/9/2008,PA-28-161,4337V,1,FCM FCM,1.0,,,1,,,,,,,,,1.0,,,1.0,,,och
6/9/2008,PA-28-161,4349K,1,FCM FCM,1.4,,,1,,,,,,,,,1.4,,,1.4,,,Timmerman
6/9/2008,PA-28-161,4349K,1,FCM FCM,1.1,,,1,,,,,,,,,1.1,,,1.1,,,Giles
6/9/2008,PA-28-161,4337V,1,FCM FCM,1.2,,,1,,,,,,,,,1.2,,,1.2,,,Och
6/9/2008,PA-28-161,4349K,1,FCM FCM,0.9,,,1,,,,,,,,,0.9,,,0.9,,,Och
6/12/2008,C152,46953,1,FCM 10D GYL FCM,1.4,1.4,,1,,,,,,,,,1.4,,,1.4,,,Fortin
6/12/2008,C172,2436W,1,FCM FCM,1.0,,,1,,,,,,,,,1.0,,,1.0,,,Diebold
6/13/2008,PA-28-161,4349K,1,FCM FCM,0.7,,,1,,,,,,,,,0.7,,,0.7,,,Giles
6/14/2008,PA-28-161,526PU,1,FCM FCM,1.4,,,1,,,,,,,,,1.4,,,1.4,,,Giles
6/14/2008,PA-28-161,4337V,1,FCM FCM,1.3,,,1,,,,,,,,,1.3,,,1.3,,,Och
6/15/2008,C172,390FA,1,FCM FCM,0.5,,,1,,,,,,,,,0.5,,,0.5,,,Discovery Flight
6/15/2008,C172,390FA,1,FCM FCM,0.5,,,1,,,,,,,,,0.5,,,0.5,,,Discovery Flight
6/15/2008,C172,390FA,1,FCM FCM,0.5,,,1,,,,,,,,,0.5,,,0.5,,,Discovery Flight
6/15/2008,C172,390FA,1,FCM FCM,0.5,,,1,,,,,,,,,0.5,,,0.5,,,Discovery Flight
6/15/2008,C172,390FA,1,FCM FCM,0.5,,,1,,,,,,,,,0.5,,,0.5,,,Discovery Flight
6/16/2008,PA-28-161,523PU,1,FCM FCM,1.1,,,1,,,,,,,,,1.1,,,1.1,,,Timmerman
6/16/2008,PA-28-161,523PU,1,FCM FCM,1.2,,,1,,,,,,,,,1.2,,,1.2,,,Giles
6/17/2008,PA-28-161,523PU,1,FCM FCM,1.3,,,1,,,,,,,,,1.3,,,1.3,,,Nami
6/17/2008,PA-28-161,4337V,1,FCM FCM,1.0,,,1,,,,,,,,,1.0,,,1.0,,,Och
6/18/2008,C172,5096c,1,FCM FCM,1.0,,,1,,,,,,,,,1.0,,,1.0,,,Discovery Flight
6/18/2008,C152,46953,1,FCM FCM,0.5,,,1,,,,,,,,,0.5,,,0.5,,,Fortin Solo
6/18/2008,PA-28-161,4337V,1,FCM FCM,1.0,,,1,,,,,,,,,1.0,,,1.0,,,Giles
6/18/2008,C172,390FA,1,FCM FCM,1.6,,,1,,,,,,,,,1.6,,,1.6,,,Mike Stein
6/19/2008,PA-28-161,4337V,1,FCM FCM,1.2,,,1,,,,,,,,,1.2,,,1.2,,,Och
6/20/2008,C152,46953,1,FCM FCM,1.9,,,1,,,,,,,,,1.9,,,1.9,,,Fortin
6/20/2008,PA-28-161,523PU,1,FCM FCM,1.2,,,1,,,,,,,,,1.2,,,1.2,,,Livieri Stan
6/20/2008,PA-28-161,523PU,1,FCM FCM,1.0,,,1,,,,,,,,,1.0,,,1.0,,,Giles
6/21/2008,C152,67973,1,FCM FCM,1.1,,,1,,,,,,,,,1.1,,,1.1,,,Zierman
6/22/2008,C152,67973,1,FCM FCM,0.9,,,1,,,,,,,,,0.9,,,0.9,,,Fortin Emergency
6/23/2008,C172,2436W,1,FCM FCM,0.5,,,1,,,,,,,,,0.5,,,0.5,,,Air Rides
6/23/2008,C172,2436W,1,FCM FCM,1.5,,,1,,,,,,,,,1.5,,,1.5,,,Air Rides
6/23/2008,PA-28-161,4337V,1,FCM FCM,1.0,,,1,,,,,,,,,1.0,,,1.0,,,Och
6/23/2008,C172,2436W,1,FCM GYL FCM,1.3,1.3,,1,,,,,,,,,1.3,,,1.3,,,Fortin
6/23/2008,C172,390FA,1,FCM FCM,1.1,,,1,,,,,,,,,1.1,,,1.1,,,McDonald
6/23/2008,C152,46953,1,FCM FCM,1.2,,,1,,,,,,,,,1.2,,,1.2,,,Kooiman
6/25/2008,PA-28-161,4337V,1,FCM FCM,0.9,,,1,,,,,,,,,0.9,,,0.9,,,Och
6/25/2008,C172,5096c,1,FCM STP FCM,1.3,1.3,,1,,,,,,,1.3,,1.3,,,1.3,,,Fortin
6/26/2008,C152,67973,1,FCM FCM,1.3,,,1,,,,,,,,,1.3,,,1.3,,,Scott Jensen
6/26/2008,PA-28-161,4337V,1,FCM FCM,1.2,,,1,,,,,,,,,1.2,,,1.2,,,Giles
6/28/2008,PA-28-161,526PU,1,FCM FCM,0.6,,,1,,,,,,,,,0.6,,,0.6,,,Och
6/28/2008,C172,2436W,1,FCM FCM,0.4,,,1,,,,,,,,,0.4,,,0.4,,,McDonald
6/28/2008,PA-28-161,523PU,1,FCM FCM,1.2,,,1,,,,,,,,,1.2,,,1.2,,,Giles
6/29/2008,C172,2436W,1,FCM FCM,0.5,,,1,,,,,,,,,0.5,,,0.5,,,Discovery Flight
6/29/2008,C172,2436W,1,FCM FCM,0.5,,,1,,,,,,,,,0.5,,,0.5,,,Discovery Flight
6/29/2008,C172,5096c,1,FCM FCM,1.0,,,1,,,,,,,,,1.0,,,1.0,,,Luis Cuillar - Stage 1 Unsat
6/30/2008,C152,46953,1,FCM FCM,1.0,,,1,,,,,,,,,1.0,,,1.0,,,Austin Jones
6/30/2008,C172,390FA,1,FCM FCM,1.0,,,1,,,,,,,,,1.0,,,1.0,,,McDonald
7/1/2008,PA-28-161,526PU,1,FCM FCM,0.8,,,1,,,,,,,,,0.8,,,0.8,,,Och
7/1/2008,PA-28-161,526PU,1,FCM FCM,1.2,,,1,,,,,,,,,1.2,,,1.2,,,Giles
7/2/2008,PA-28-161,524PU,1,FCM FCM,1.1,,,1,,,,,,,,,1.1,,,1.1,,,Giles
7/2/2008,C172,5096c,1,FCM FCM,1.1,,,1,,,,,,,,,1.1,,,1.1,,,McDonald
7/3/2008,C172,5096c,1,FCM FCM,1.2,,,3,,,,,,,,,1.2,,,1.2,,,Luis Cuillar - Stage 1 Sat
7/5/2008,PA-28-161,4349K,1,FCM FCM,0.5,,,1,,,,,,,,,0.5,,,0.5,,,Och
7/5/2008,C172,390FA,1,FCM FCM,1.0,,,1,,,,,,,,,1.0,,,1.0,,,McDonald
7/6/2008,PA-28-161,4337V,1,FCM FCM,1.3,,,2,,,,,,,,,1.3,,,1.3,,,Eisenbeil Profiency Checkout
7/6/2008,PA-28-161,524PU,1,FCM FCM,1.2,,,1,,,,,,,,,1.2,,,1.2,,,Tim Melom
7/6/2008,PA-28-161,523PU,1,FCM FCM,0.5,,,1,,,,,,,,,0.5,,,0.5,,,Och
7/6/2008,C152,46953,1,FCM FCM,1.3,,,1,,,,,,,,,1.3,,,1.3,,,Martin Zierman
7/7/2008,C172,390FA,1,FCM FCM,0.3,,,1,,,,,,,,,0.3,,,0.3,,,Aaron Peterson
7/7/2008,C172,390FA,1,FCM FCM,0.9,,,1,,,,,,,,,0.9,,,0.9,,,Ed McDonald
7/8/2008,PA-28-161,523PU,1,FCM FCM,1.2,,,1,,,,,,,,,1.2,,,1.2,,,Giles
7/8/2008,C172,390FA,1,FCM FCM,1.3,,,1,,,,,,,,,1.3,,,1.3,,,McDonald
7/9/2008,C172,390FA,1,FCM AVN FCM,0.9,0.9,,1,,,,,,,,,0.9,,,0.9,,,Scenic Flight
7/9/2008,C172,390FA,1,FCM FCM,1.3,,,1,,,,,,,,,1.3,,,1.3,,,McDonald
7/9/2008,C152,46953,1,FCM FCM,1.0,,,3,,,,,,,,,1.0,,,1.0,,,Shannon Checkout/Stan
7/9/2008,PA-28-161,4349K,1,FCM FCM,1.3,,,7,,,,,,,,,1.3,,,1.3,,,Giles
7/10/2008,PA-28-161,523PU,1,FCM FCM,1.3,,,1,,,,,,,,,1.3,,,1.3,,,Jeff Och
7/10/2008,C152,46953,1,FCM FCM,1.1,,,1,,,,,,,,,1.1,,,1.1,,,Jason Velasquez
7/11/2008,PA-28-161,4337V,1,FCM FCM,0.7,,,1,,,,,,,,,0.7,,,0.7,,,Rob Shannon - Checkout
7/11/2008,C172,2436N,1,MIC PNM MIC,1.8,1.8,,1,,,,,,,,,1.8,,,1.8,,,Stage 3 Check
7/12/2008,PA-28-R-201,2328T,1,FCM FCM,1.2,,,1,,,,,,,,,1.2,,,1.2,,,Ian Barbour
7/12/2008,C172,390FA,1,FCM FCM,1.1,,,1,,,,,,,,,1.1,,,1.1,,,Ed Mcdonald
7/12/2008,PA-28-161,526PU,1,FCM FCM,1.1,,,1,,,,,,,,,1.1,,,1.1,,,Chris Croucher
7/12/2008,PA-28-161,4337V,1,FCM FCM,0.7,,,1,,,,,,,,,0.7,,,0.7,,,Giles
7/13/2008,PA-28-R-201,2328T,1,FCM FCM,1.5,,,8,,,,,,,,,1.5,,,1.5,,,Ian Barbour
7/13/2008,PA-28-161,524PU,1,FCM FCM,0.8,,,1,,,,,,,,,0.8,,,0.8,,,Och
7/13/2008,PA-28-161,523PU,1,FCM FCM,0.8,,,1,,,,,,,,,0.8,,,0.8,,,Och
7/14/2008,PA-28-R-201,2328T,1,FCM FCM,1.4,,,1,,,,,,,,,1.4,,,1.4,,,Ian Barbour
7/14/2008,PA-28-161,4337V,1,FCM FCM,0.8,,,1,,,,,,,,,0.8,,,0.8,,,Och
7/14/2008,C172,5096c,1,FCM FCM,1.0,,,1,,,,,,,,,1.0,,,1.0,,,McDonald
7/15/2008,PA-28-161,524PU,1,FCM FCM,1.1,,,1,,,,,,,,,1.1,,,1.1,,,Aaron Sauer
7/15/2008,PA-28-161,526PU,1,FCM FCM,1.3,,,1,,,,,,,,,1.3,,,1.3,,,Giles
7/16/2008,C152,67973,1,FCM FCM,0.7,,,1,,,,,,,,,0.7,,,,,,Photo Flight
7/16/2008,PA-28-161,523PU,1,FCM FCM,1.6,,,3,,,,,,,,,1.6,,,1.6,,,O'Neal Standardization
7/16/2008,C172,739FZ,1,FCM FCM,1.1,,,3,,,,,,,,,1.1,,,1.1,,,O'Neal Standardization
7/16/2008,PA-28-161,523PU,1,FCM 10D FCM,1.1,1.1,,4,,,,,,,,,1.1,,,1.1,,,Och 
7/18/2008,PA-28-161,523PU,1,FCM 10D FCM,1.3,1.3,,3,,,,,,,,,1.3,,,1.3,,,Devin Pearce Stage 3 Check
7/18/2008,C172,739FZ,1,FCM FCM,1.5,,,2,,,,,,,,,1.5,,,1.5,,,Marty Zierman
7/19/2008,C172,390FA,1,FCM FCM,0.5,,,1,,,,,,,,,0.5,,,0.5,,,Discovery Flight
7/19/2008,C172,5088Q,1,FCM FCM,1.2,,,1,,,,,,,,,1.2,,,1.2,,,Ed Mcdonald
7/20/2008,PA-28-R-201,2328T,1,FCM FCM,1.0,,,5,,,,,,,,,1.0,,,1.0,,,Ian Barbour
7/20/2008,PA-28-161,523PU,1,FCM FCM,1.0,,,3,,,,,,,,,1.0,,,1.0,,,Blaise Eisenbiel
7/20/2008,C172,739FZ,1,FCM FCM,1.0,,,2,,,,,,,,,1.0,,,1.0,,,Marty Zierman
7/21/2008,PA-28-161,523PU,1,FCM FCM,1.2,,,3,,,,,,,,,1.2,,,1.2,,,Peter Maloney
7/22/2008,C152,67973,1,FCM FCM,1.0,,,1,,,,,,,,,1.0,,,1.0,,,Ed Krestzing BFR Sat
7/22/2008,PA-28-161,523PU,1,FCM FCM,1.3,,,1,,,,,,,,,1.3,,,1.3,,,Giles
7/24/2008,C172,390FA,1,FCM FCM,1.1,,,1,,,,,,,,,1.1,,,1.1,,,McDonald
7/25/2008,C152,46953,1,FCM FCM,1.2,,,3,,,,,,,,,1.2,,,1.2,,,Kooiman Stage 1 Sat
7/25/2008,PA-28-161,4337V,1,FCM 10D FCM,1.5,1.5,,2,,,,,,,,,1.5,,,1.5,,,Och
7/26/2008,C172,390FA,1,FCM FCM,1.1,,,6,,,,,,,,,1.1,,,1.1,,,McDonald
7/26/2008,PA-28-161,524PU,1,FCM STC FCM,1.2,1.2,,1,,,,,,,1.2,,1.2,,,1.2,,,Och
7/26/2008,PA-28-161,4337V,1,FCM FCM,0.5,,,,3,,,,,,,,0.5,,,,,,Night Currency
7/27/2008,PA-28-R-201,2328T,1,FCM FCM,1.1,,,1,,,,,,,,,1.1,,,1.1,,,Ian Barbour
7/27/2008,C172,739FZ,1,FCM FCM,1.1,,,1,,,,,,,,,1.1,,,1.1,,,Zierman
7/28/2008,PA-28-161,4349K,1,FCM STC FCM,2.4,2.4,,,6,,,,2.4,,2.4,,2.4,,,2.4,,,Och
7/28/2008,C172,390FA,1,FCM FCM,1.2,,,1,,,,,,,,,1.2,,,1.2,,,McDonald
7/28/2008,C152,46953,1,FCM FCM,0.9,,,1,,,,,,,,,0.9,,,0.9,,,Photo Flight
7/29/2008,PA-28-161,524PU,1,FCM FCM,1.2,,,1,,,,,,,,,1.2,,,1.2,,,Jeremy Linn Stage 1 Sat
7/30/2008,C152,46953,1,FCM FCM,0.9,,,1,,,,,,,,,0.9,,,,,,Photo Flight
7/30/2008,C172,390FA,1,FCM LVN FCM,1.2,1.2,,5,,,,,,,,,1.2,,,1.2,,,Marty Zierman
7/30/2008,C172,5096c,1,FCM FCM,0.6,,,1,,,,,0.3,,,,0.6,,,,,,Scenic Flight
7/30/2008,PA-28-161,523PU,1,FCM FCM,1.2,,,,4,,,,1.2,,,,1.2,,,1.2,,,Och
7/31/2008,M205-201,57651,1,FCM FCM,1.2,,,3,,,,,,,,,1.2,,,,,,Mooney Stan
7/31/2008,C172,5096c,1,FCM FCM,1.0,,,2,,,,,,,,,1.0,,,1.0,,,McDonald
8/1/2008,PA-28-161,4349K,1,FCM FCM,1.4,,,1,,,,,,,,,1.4,,,1.4,,,Timmerman
8/4/2008,PA-28-R-201,8265S,1,FCM FCM,1.1,,,1,,,,,,,,,1.1,,,1.1,,,Mike Peterson
8/4/2008,C152,46953,1,FCM FCM,0.9,,,1,,,,,,,,,0.9,,,0.9,,,O'Leary Stan
8/6/2008,C172,5096c,1,FCM FCM,1.7,,,1,,,,,,,,,1.7,,,1.7,,,Csiki Standardization
8/6/2008,PA-28-161,523PU,1,FCM FCM,0.9,,,2,,,,,,,,,0.9,,,0.9,,,Giles
8/7/2008,C152,46953,1,FCM FCM,1.0,,,1,,,,,,,,,1.0,,,,,,Photo Flight
8/7/2008,C172,5096c,1,FCM FCM,1.1,,,5,,,,,,,,,1.1,,,1.1,,,McDonald
8/7/2008,C172,390FA,1,FCM FCM,1.5,,,1,,,,,,,,,1.5,,,1.5,,,Dierks
8/9/2008,PA-28-161,523PU,1,FCM FCM,1.1,,,1,,,,,,,,,1.1,,,1.1,,,Giles
8/9/2008,C172,5088Q,1,FCM FCM,0.9,,,1,,,,,,,,,0.9,,,0.9,,,McDonald
8/9/2008,C152,46953,1,FCM MIC CFE FCM,1.4,1.4,,1,,,,,,,,,1.4,,,1.4,,,Kepen Stage 2 Sat
8/10/2008,C172,5088Q,1,FCM FCM,0.5,,,1,,,,,,,,,0.5,,,,,,Discovery Flight
8/11/2008,PA-28-161,523PU,1,FCM 10D FCM,1.7,1.7,,3,,,,,,,,,1.7,,,1.7,,,McIntosh Stage 3 Unsat
8/11/2008,C172,5088Q,1,FCM FCM,1.0,,,4,,,,,,,,,1.0,,,1.0,,,McDonald
8/11/2008,C172,5088Q,1,FCM FCM,1.0,,,1,,,,,,,,,1.0,,,1.0,,,McDonald
8/12/2008,C152,46953,1,FCM FCM,0.8,,,5,,,,,,,,,0.8,,,0.8,,,Jones
8/12/2008,C152,46953,1,FCM FCM,0.8,,,1,,,,,,,,,0.8,,,0.8,,,Austin Jones
8/14/2008,C172,5096c,1,FCM FCM,1.2,,,1,,,,,,,,,1.2,,,1.2,,,McDonald
8/14/2008,PA-28-161,526PU,1,FCM FCM,1.1,,,1,,,,,,,,,1.1,,,1.1,,,Crusing Stage 1 Sat
8/14/2008,PA-28-181,92505,1,FCM FCM,1.1,,,1,,,,,,,,,1.1,,,1.1,,,Syverson Checkout
8/15/2008,PA-28-161,526PU,1,FCM FCM,1.0,,,5,,,,,,,,,1.0,,,1.0,,,Austin Jones
8/15/2008,PA-28-161,523PU,2,FCM STP FCM,1.3,1.3,,5,,,,,,,,,1.3,,,1.3,,,Timmerman
8/16/2008,PA-28-161,526PU,1,FCM FCM,1.3,,,5,,,,,,,,,1.3,,,1.3,,,Giles
8/17/2008,PA-28-R-201,2328T,1,FCM FCM,1.1,,,2,,,,,,,,,1.1,,,1.1,,,Barbour
8/17/2008,PA-28-161,523PU,2,FCM STP FCM,1.4,1.4,,4,,,,,,,,,1.4,,,1.4,,,Och
8/17/2008,PA-28-161,4337V,1,FCM FCM,1.1,,,1,,,,,,,,,1.1,,,1.1,,,Giles
8/18/2008,PA-28-R-201,8265S,1,FCM FCM,1.4,,,1,,,,,,,,,1.4,,,1.4,,,Mike Peterson
8/18/2008,C172,5096c,1,FCM FCM,1.3,,,1,,,,,,,,,1.3,,,1.3,,,McDOnald
8/18/2008,PA-28-181,92505,3,FCM ILL FCM,1.7,1.7,,1,,,,,,,1.7,,1.7,,,,,,To Wilmar for Briefcase
8/18/2008,PA-28-R-201,8265S,1,FCM FCM,1.4,,,1,,,,,,,,,1.4,,,1.4,,,Peterson
8/19/2008,PA-28-R-201,8265S,1,FCM FCM,1.3,,,3,,,,,,,,,1.3,,,1.3,,,Peterson
8/19/2008,C172,5096c,1,FCM FCM,0.4,,,3,,,,,,,,,0.4,,,0.4,,,Kepen Stage 3 Retake
8/21/2008,C172,390FA,1,FCM FCM,1.0,,,5,,,,,,,,,1.0,,,1.0,,,McDonald
8/21/2008,PA-28-161,4337V,1,FCM FCM,1.1,,,4,,,,,,,,,1.1,,,1.1,,,Giles
8/23/2008,C172,390FA,1,FCM FCM,1.1,,,3,,,,,,,,,1.1,,,1.1,,,McDonald
8/24/2008,PA-28-161,4337V,1,FCM FCM,1.0,,,2,,,,,,,,,1.0,,,1.0,,,Giles
8/24/2008,PA-28-161,4337V,2,FCM GYL FCM,1.1,1.1,,2,,,,,,,,,1.1,,,1.1,,,Och
8/24/2008,C172,5096c,2,FCM 10D FCM,1.2,1.2,,2,,,,,,,,,1.2,,,1.2,,,Burgess
8/25/2008,C172,5096c,1,FCM FCM,1.3,,,3,,,,,,,,,1.3,,,1.3,,,McDonald
8/25/2008,PA-28-161,526PU,2,FCM GYL FCM,1.4,1.4,,2,,,,,,,,,1.4,,,1.4,,,Dierks
8/28/2008,M205-201,57651,2,FCM MOT FCM,6.0,6.0,,1,1,,,,2.0,,6.0,,6.0,,,6.0,,,Anderson flight to Minot
8/28/2008,C172,390FA,1,FCM FCM,1.2,,,1,,,,,,,,,1.2,,,1.2,,,McDonald
8/28/2008,PA-28-161,4349K,1,FCM FCM,0.9,,,1,,,,,,,,,0.9,,,0.9,,,Melom Stage 1 Unsat
8/29/2008,PA-28-161,4349K,1,FCM GYL FCM,1.4,1.4,,1,,,,,,,,,1.4,,,1.4,,,Burkhart Stage 3 Sat
8/30/2008,C172,390FA,1,FCM FCM,0.5,,,1,,,,,,,,,0.5,,,,,,Discovery Flight
8/30/2008,C172,390FA,1,FCM FCM,1.2,,,5,,,,,,,,,1.2,,,1.2,,,McDonald
8/31/2008,PA-28-181,92505,1,FCM FCM,1.0,,,4,,,,,,,,,1.0,,,1.0,,,Air Rides
9/1/2008,C172,390FA,1,FCM FCM,1.1,,,1,,,,,,,,,1.1,,,1.1,,,McDonald
9/3/2008,PA-28-181,92505,1,FCM FCM,1.3,,,1,,,,,,,,,1.3,,,1.3,,,Dierks
9/4/2008,C172,5096c,1,FCM FCM,1.1,,,1,,,,,,,,,1.1,,,1.1,,,McDonald
9/4/2008,PA-28-161,526PU,1,FCM HCD FCM,1.4,1.4,,2,,,,,,,,,1.4,,,1.4,,,Giles
9/5/2008,PA-28-161,526PU,1,FCM FCM,1.2,,,1,,,,,,,,,1.2,,,1.2,,,Timmerman
9/5/2008,PA-28-161,524PU,1,FCM MKT FCM,1.3,1.3,,2,,,,,,,,,1.3,,,0.7,,,Crusing to Mankato
9/6/2008,C172,5096c,1,FCM FCM,0.5,,,1,,,,,,,,,0.5,,,0.5,,,Walczak First stage 3 try
9/6/2008,PA-28-161,526PU,1,FCM FCM,0.5,,,1,,,,,,,,,0.5,,,,,,Discovery Flight
9/7/2008,PA-28-181,4370N,1,FCM FCM,0.5,,,1,,,,,,,,,0.5,,,,,,Discovery Flight
9/8/2008,C172,5096c,1,FCM FCM,1.2,,,1,,,,,,,,,1.2,,,1.2,,,McDonald
9/9/2008,PA-28-161,4337V,1,FCM 10D GYL FCM,1.6,1.6,,5,,,,,,,,,1.6,,,1.6,,,MIC Stage 3 Sat
9/10/2008,C172,5096c,1,FCM FCM,1.2,,,1,,,,,,,,,1.2,,,1.2,,,Benz
9/15/2008,PA-28-161,524PU,1,FCM FCM,1.2,,,1,5,,,,1.2,,,,1.2,,,1.2,,,Wagner
9/15/2008,C172,5088Q,1,FCM FCM,1.1,,,1,,,,,,,,,1.1,,,1.1,,,Fortin
9/15/2008,C172,390FA,1,FCM FCM,1.0,,,1,,,,,,,,,1.0,,,,,,Scenic Flight
9/15/2008,C172,390FA,1,FCM FCM,1.0,,,3,,,,,,,,,1.0,,,1.0,,,Mary Benson
9/15/2008,M205-201,57651,1,FCM FCM,1.0,,,2,,,,,,,,,1.0,,,1.0,,,Anderson Checkout
9/18/2008,C172,5088Q,2,FCM 10D FCM,1.6,1.6,,1,,,,,,,,,1.6,,,1.6,,,Walczak Stage 3 Unsat
9/19/2008,PA-28-161,526PU,1,FCM FCM,1.0,,,1,,,,,,,,,1.0,,,1.0,,,Timmerman
9/20/2008,C172,390FA,2,FCM STP FCM,2.0,2.0,,5,,,,,2.0,,2.0,,2.0,,,2.0,,,Fortin Xc
9/21/2008,C172,390FA,1,FCM 10D FCM,1.6,1.6,,2,,,,,,,,,1.6,,,1.6,,,Jensen Checkout
9/22/2008,M20C-180,90971,1,FCM MIC,0.3,0.3,,1,,,,,,,,,0.3,,,0.3,,,Mooney Ferry
9/22/2008,PA-28-161,526PU,1,FCM FCM,1.5,,,2,,,,,,,,,1.5,,,1.5,,,Kooiman
9/24/2008,PA-28-161,526PU,2,FCM AQP FCM,2.8,2.8,,4,,,,,,,2.8,,2.8,,,2.8,,,John Wagner
9/24/2008,C172,390FA,1,FCM STP FCM,1.3,1.3,,1,1,,,,,,,,1.3,,,1.3,,,Fortin XC
9/25/2008,PA-28-161,4337V,1,FCM FCM,1.0,,,2,,,,,,,,,1.0,,,1.0,,,Kooiman
9/25/2008,PA-28-161,526PU,1,FCM 10D FCM,1.3,1.3,,1,,,,,,,,,1.3,,,1.3,,,Crusing stage 2 Sat
9/26/2008,PA-28-161,526PU,1,FCM FCM,0.9,,,1,,,,,,,,,0.9,,,0.9,,,Chris Giles
9/26/2008,PA-28-161,526PU,1,FCM FCM,0.7,,,1,,,,,,,,,0.7,,,0.7,,,Katie Wenaas
9/27/2008,PA-28-161,524PU,1,FCM FCM,0.9,,,1,,,,,,,,,0.9,,,0.9,,,Giles
9/27/2008,PA-28-161,524PU,1,FCM FCM,0.5,,,1,,,,,,,,,0.5,,,0.5,,,Giles Solo
9/30/2008,C172,5096C,1,FCM FCM,0.5,,,3,,,,,,,,,0.5,,,0.5,,,Walczak
9/30/2008,C172,5088Q,1,FCM FCM,1.1,,,1,,,,,,,,,1.1,,,1.1,,,McDonald
10/1/2008,C172,5088Q,1,FCM FCM,0.9,,,1,,,,,,,,,0.9,,,0.9,,,McDonald
10/2/2008,C172,5088Q,3,FCM PKD AVN FCM,3.4,3.4,,3,,,,,,,3.4,,3.4,,,2.0,,,James Mitchell XC
10/3/2008,C172,390FA,1,FCM FCM,0.9,,,1,,,,,,,,,0.9,,,0.9,,,McDonald
10/3/2008,PA-28-161,524PU,1,FCM FCM,1.1,,,1,,,,,,,,,1.1,,,1.1,,,Larsen
10/3/2008,PA-28-161,524PU,1,FCM FCM,1.2,,,1,,,,,,,,,1.2,,,1.2,,,Timmerman
10/4/2008,PA-28-161,524PU,1,FCM FCM,1.3,,,1,,,,,,,,,1.3,,,1.3,,,John Jones
10/4/2008,C172,5096C,1,FCM FCM,0.5,,,1,,,,,,,,,0.5,,,,,,Discovery Flight
10/4/2008,C172,5088Q,1,FCM FCM,1.2,,,1,,,,,,,,,1.2,,,1.2,,,McDonald
10/6/2008,PA-28-R-201,8265S,1,FCM FCM,1.0,,,1,,,,,,,,,1.0,,,1.0,,,Wagner
10/6/2008,C172,5088Q,1,FCM FCM,1.5,,,1,,,,,,,,,1.5,,,1.5,,,McDonald
10/8/2008,PA-28-R-201,8265S,2,FCM STP FCM,1.7,1.7,,5,,,,,,,,,1.7,,,1.7,,,Wagner
10/8/2008,C172,739FZ,1,FCM FCM,1.6,,,1,,,,,,,,,1.6,,,1.6,,,Photo Flight
10/8/2008,C172,739FZ,1,FCM FCM,0.8,,,1,,,,,,,,,0.8,,,,,,Spin Flight
10/9/2008,PA-28-161,523PU,1,FCM FCM,1.1,,,1,,,,,,,,,1.1,,,1.1,,,Justin Kallestad
10/9/2008,C172,5096C,1,FCM FCM,1.2,,,2,,,,,,,,,1.2,,,1.2,,,Thomas
10/9/2008,C172,5088Q,1,FCM FCM,1.0,,,1,,,,,,,,,1.0,,,1.0,,,McDonald
10/9/2008,C172,5096C,1,FCM FCM,1.0,,,1,,,,,,,,,1.0,,,1.0,,,McDonald
10/10/2008,C172,5096C,1,FCM FCM,0.8,,,1,,,,,,,,,0.8,,,0.8,,,Thomas
10/12/2008,PA-28-161,523PU,1,FCM FCM,1.0,,,1,,,,,,,,,1.0,,,1.0,,,Giles
10/12/2008,C172,5096C,1,FCM FCM,1.2,,,1,,,,,,,,,1.2,,,1.2,,,Thomas
10/12/2008,PA-28-161,524PU,2,FCM EUR FCM,1.4,1.4,,1,,,,,,,,,1.4,,,1.4,,,Moloney
10/12/2008,PA-28-161,524PU,1,FCM FCM,1.0,,,1,,,,,,,,,1.0,,,1.0,,,Giles
10/15/2008,AC50,411ET,2,MKC IXN MKC,2.0,2.0,,2,,0.8,,,,,,,2.0,,2.0,,,,AC50 Training
10/16/2008,AC50,477CC,1,MKC MKC,1.2,,,1,,,,,,,,,1.2,,1.2,,,,AC50 Training
10/17/2008,AC50,444CB,1,MEZ MKC,2.1,2.1,,1,,0.2,,,,,,,2.1,,2.1,,,,AC50 135 Checkride
10/17/2008,AC50,690RR,1,MKC FCM,2.3,2.3,,,1,0.8,,,2.3,,2.3,,,2.3,,,,,First 135 Run
10/20/2008,AC50,690RR,2,FCM MKC FCM,4.4,4.4,,1,2,,,,4.4,,4.4,,,4.4,,,,,
10/20/2008,PA-28-161,524PU,1,FCM FCM,0.6,,,5,,,,,,,,,0.6,,,0.6,,,Giles
10/21/2008,AC50,690RR,2,FCM MKC FCM,4.5,4.5,,,2,2.5,,,4.5,,4.5,,,4.5,,,,,T-Storms
10/22/2008,AC50,690RR,1,FCM MKC,2.7,2.7,,,1,1.5,,,2.7,,2.7,,,2.7,,,,,
10/22/2008,AC50,630KC,1,MKC FCM,2.0,2.0,,,1,1.5,,,2.0,,2.0,,,2.0,,,,,
10/23/2008,AC50,630KC,2,FCM MKC FCM,4.5,4.5,,,2,3.2,,,4.5,,4.5,,,4.5,,,,,
10/25/2008,PA-28-161,526PU,1,FCM FCM,0.7,,,1,,,,,,,,,0.7,,,,,,Air Rides
10/27/2008,PA-28-161,526PU,1,FCM 10D FCM,1.2,1.2,,1,,,,,,,,,1.2,,,1.2,,,Giles
10/28/2008,AC50,127KH,2,FCM MKC FCM,4.4,4.4,,,2,,,,4.4,,4.4,,,4.4,,,,,
10/29/2008,AC50,127KH,2,FCM MKC FCM,4.4,4.4,,1,,,,,4.4,,4.4,,,4.4,,,,,
10/30/2008,PA-28-161,526PU,2,FCM LVN FCM,1.1,1.1,,1,,,,,,,,,1.1,,,1.1,,,Giles
10/31/2008,PA-28-R-201,2328T,1,FCM HCD FCM,1.8,1.8,,6,,,,,,,,,1.8,,,1.8,,,Barbour
11/1/2008,PA-28-R-201,2328T,1,STC FCM,1.4,1.4,,1,,,,,,,1.4,,1.4,,,1.4,,,Barbour Rescuce
11/1/2008,PA-28-161,526PU,1,FCM STC,0.8,0.8,,1,,,,,,,0.8,,0.8,,,0.8,,,Giles Bad Mag
11/1/2008,PA-28-161,2240G,1,FCM GYL FCM,1.2,1.2,,3,,,,,,,,,1.2,,,1.2,,,Kallestad
11/2/2008,PA-28-181,92505,1,FCM FCM,0.5,,,1,,,,,,,,,0.5,,,0.5,,,Keleher BFR
11/3/2008,C172,390FA,1,FCM STC FCM,1.3,1.3,,2,,,,,,,1.3,,1.3,,,0.6,,,Keleher BFR and aircraft rescue
11/4/2008,C172,390FA,1,FCM FCM,0.8,,,1,,,,,,,,,0.8,,,0.8,,,Keleher
11/4/2008,PA-28-161,526PU,1,FCM FCM,0.8,,,,4,,,,0.8,,,,0.8,,,0.8,,,Giles
11/5/2008,AC50,610BH,1,FCM MKC FCM,4.5,4.5,,,2,3.0,,,4.5,,4.5,,,4.5,,,,,
11/6/2008,AC50,610BH,1,FCM MKC,2.5,2.5,,,1,1.8,,,2.5,,2.5,,,2.5,,,,,
11/7/2008,AC50,690RR,1,MKC FCM,2.2,2.2,,,1,1.7,,1,2.2,,2.2,,,2.2,,,,,
11/8/2008,AC50,690RR,2,FCM MCI FCM,4.3,4.3,,,2,2.8,,1,4.3,,4.3,,,4.3,,,,,
11/9/2008,PA-28-161,526PU,1,FCM BDH FCM,1.8,1.8,,2,,,,,,,1.8,,1.8,,,1.8,,,Giles
11/9/2008,PA-28-161,2240G,1,FCM FCM,1.1,,,1,,,,,,,,,1.1,,,1.1,,,Och
11/9/2008,PA-28-R-201,2328T,1,FCM LVN FCM,1.5,1.5,,1,,,,,,,,,1.5,,,1.5,,,Barbour
11/11/2008,AC50,690RR,2,FCM MKC FCM,4.5,4.5,,,2,2.8,,2,4.5,,4.5,,,4.5,,,,,
11/12/2008,AC50,690RR,1,FCM MCI FCM,4.4,4.4,,,2,2.0,,,4.4,,4.4,,,4.4,,,,,
11/13/2008,AC50,690RR,1,FCM MCI FCM,4.3,4.3,,,2,1.5,,,4.3,,4.3,,,4.3,,,,,
11/14/2008,PA-28-R-201,2328T,1,FCM FCM,1.5,,,1,,,,,,,,,1.5,,,1.5,,,Barbour
11/14/2008,PA-28-161,526PU,1,FCM CFE MIC FCM,1.8,1.8,,1,,,,,,,,,1.8,,,1.8,,,Giles
11/14/2008,PA-28-161,526PU,1,FCM LVN FCM,1.2,1.2,,1,,,,,,,,,1.2,,,1.2,,,Och
11/17/2008,AC50,610BW,2,FCM MCI FCM,4.1,4.1,,,2,,,,4.1,,4.1,,,4.1,,,,,
11/18/2008,AC50,610BW,2,FCM MCI FCM,4.7,4.7,,,2,,,,4.7,,4.7,,,4.7,,,,,
11/18/2008,C172,5096C,3,FCM LJF STC FCM,1.8,1.8,,,3,,,,1.8,,1.8,,1.8,,,1.8,,,Mike Williams
11/19/2008,AC50,610BW,2,FCM MKC FCM,4.2,4.2,,,2,1.0,,,4.2,,4.2,,,4.2,,,,,review this one
11/21/2008,PA-28-161,526PU,1,FCM FCM,0.9,,,3,,,,,,,,,0.9,,,0.9,,,Collard Stage one sat
11/22/2008,PA-28-161,526PU,2,FCM GYL FCM,1.4,1.4,,5,,,,,,,,,1.4,,,1.4,,,Giles
11/22/2008,PA-28-161,526PU,1,FCM FCM,1.1,,,3,,,,,,,,,1.1,,,1.1,,,Och
11/22/2008,PA-28-R-201,2328T,2,FCM GYL FCM,1.1,1.1,,3,,,,,,,,,1.1,,,1.1,,,Barbour
11/23/2008,PA-28-R-201,2328T,2,FCM GYL FCM,1.6,1.6,,3,,,,,,,,,1.6,,,1.6,,,Barbour
11/23/2008,PA-28-R-201,8265S,2,FCM RST RDG FCM,2.6,2.6,,4,,,,,,2.0,2.6,,2.6,,,2.6,,,Wagner Comm stage 3 Sat
11/23/2008,PA-28-161,526PU,1,FCM FCM,1.1,,,1,,,,,,,,,1.1,,,1.1,,,Giles
11/26/2008,PA-28-161,526PU,2,FCM LVN FCM,1.1,1.1,,3,,,,,,,,,1.1,,,1.1,,,Giles
11/26/2008,PA-28-161,526PU,2,FCM LVN FCM,1.1,1.1,,3,,,,,,,,,1.1,,,1.1,,,Shannon stage 1
11/26/2008,AC50,777CM,2,FCM MKC FCM,4.6,4.6,,,2,,,,4.6,,4.6,,,4.6,,,,,
11/28/2008,C172,5096C,1,FCM FCM,1.4,,,3,,,,,,,,,1.4,,,1.4,,,Burgess
11/29/2008,C172,5088Q,1,FCM FCM,0.5,,,1,,,,,,,,,0.5,,,,,,Demo Flight
11/29/2008,PA-28-R-201,2328T,1,FCM FCM,1.5,,,1,,,,,,,,,1.5,,,1.5,,,Barbour
12/1/2008,AC50,777CM,1,FCM MKC,2.2,2.2,,,1,0.5,,,2.2,,2.2,,,2.2,,,,,
12/2/2008,AC50,444CB,1,MKC MKC,1.5,1.5,,1,,,0.7,,,,,,1.5,,,,,,135 PIC Checkride
12/3/2008,PA-28-161,2240G,2,FCM STC FCM,1.4,1.4,,,2,,,,1.4,,1.4,,1.4,,,1.4,,,Giles
12/6/2008,C172,5096C,2,FCM MIC FCM,1.1,1.1,,2,,,,,,,,,1.1,,,1.1,,,Cuellar Stage 2 SAT
12/6/2008,AC50,615MT,3,FCM ANE DPA FCM,4.2,4.2,,,2,0.3,,,,,4.2,,4.2,,,,,,First Revenue Flight!
12/9/2008,PA-28-R-201,2328T,2,FCM OWA FCM,1.5,1.5,,3,,,,,,,,,1.5,,,1.5,,,Barbour
12/13/2008,AC50,626DS,3,FCM ANE DPA FCM,4.5,4.5,,,3,0.5,,,4.5,,4.5,,4.5,,,,,,
12/13/2008,PA-28-161,526PU,1,FCM FCM,1.2,,,1,,,,,,,,,1.2,,,1.2,,,Giles
12/17/2008,PA-28-161,2240G,1,FCM FCM,1.0,,,1,,,,,,,,,1.0,,,1.0,,,Kooiman
12/19/2008,PA-28-161,526PU,1,FCM FCM,0.8,,,1,,,,,,,,,0.8,,,0.8,,,Giles
12/20/2008,AC50,324RR,3,FCM ANE DPA FCM,4.5,4.5,,,3,2.0,,,4.5,,4.5,,4.5,,,,,,
12/24/2008,AC50,610BW,1,FCM MKC,2.5,2.5,,,1,,,,2.5,,2.5,,2.5,,,,,,
12/25/2008,AC50,716TC,1,MKC FCM,2.4,2.4,,,1,,,,2.4,,2.4,,2.4,,,,,,
12/26/2008,AC50,716TC,1,FCM MKC,3.3,3.3,,,1,1.5,,,3.3,,3.3,,3.3,,,,,,
12/27/2008,AC50,716TC,1,MKC FCM,2.2,2.2,,1,,1.4,,,,,2.2,,2.2,,,,,,
12/27/2008,AC50,716TC,3,FCM ANE DPA FCM,4.7,4.7,,,3,3.0,,,4.7,,4.7,,4.7,,,,,,
12/28/2008,PA-28-R-201,8265S,1,FCM GYL FCM,1.8,1.8,,3,,,,,,,,,1.8,,,1.8,,,Elhardt
12/28/2008,PA-28-161,2240G,1,FCM FCM,1.3,,,1,,,,,,,,,1.3,,,1.3,,,Och
12/29/2008,PA-28-R-201,8265S,1,FCM FCM,1.2,,,5,,,,,,,,,1.2,,,1.2,,,Wagner
1/2/2009,PA-28-R-201,8265S,1,FCM FCM,1.3,,,2,,,,,,,,,1.3,,,1.3,,,Elhardt
1/3/2009,AC50,610BW,3,FCM ANE DPA FCM,4.7,4.7,,,3,4.0,,,4.7,,4.7,,4.7,,,,,,
1/3/2009,PA-28-161,526PU,1,FCM FCM,0.7,,,1,,,,,,,,,0.7,,,0.7,,,Giles
1/7/2009,PA-28-R-201,8265S,1,FCM FCM,0.9,,,1,,,,,,,,,0.9,,,0.9,,,Johnson
1/9/2009,PA-28-R-201,8265S,1,FCM GYL FCM,1.6,1.6,,3,,,,,,,,,1.6,,,1.6,,,Wagner
1/10/2009,AC50,610BW,3,FCM ANE DPA FCM,4.1,4.1,,,3,0.2,,,4.1,,4.1,,4.1,,,,,,
1/11/2009,PA-28-181,2112T,4,FCM LSE AVN FCM,2.1,2.1,,5,,,,,,,,,2.1,,,2.1,,,Elhardt
1/17/2009,AC50,411PT,3,FCM ANE DPA FCM,4.5,4.5,,,3,1.0,,,4.5,,4.5,,4.5,,,,,,
1/21/2009,PA-28-R-201,8265S,1,FCM FCM,1.3,,,2,,,,,,,,,1.3,,,1.3,,,Wagner
1/21/2009,PA-28-R-201,8265S,1,FCM GYL FCM,1.6,1.6,,1,,,,,,,,,1.6,,,1.6,,,Elhardt
1/21/2009,C172,390FA,1,FCM FCM,0.6,,,,3,,,,0.6,,,,0.6,,,0.6,,,Keleher
1/24/2009,AC50,411PT,3,FCM ANE DPA FCM,4.3,4.3,,,3,,,,4.3,,4.3,,4.3,,,,,,
1/24/2009,PA-28-R-201,8265S,1,FCM GYL FCM,1.4,1.4,,1,,,,,,,,,1.4,,,1.4,,,Elhardt
1/25/2009,PA-28-R-201,8265S,1,FCM HCD FCM,1.7,1.7,,3,,,,,,,,,1.7,,,1.7,,,Elhardt
1/25/2009,PA-28-R-201,8265S,1,FCM FCM,1.3,,,1,,,,,,,,,1.3,,,1.3,,,Wagner
1/25/2009,PA-28-R-201,8265S,1,FCM LSE FCM,1.2,1.2,,3,,,,,,,,,1.2,,,1.2,,,Floe
1/27/2009,PA-28-R-201,8265S,1,FCM FCM,1.5,,,3,,,,,,,,,1.5,,,1.5,,,Floe
1/27/2009,C172,390FA,1,FCM FCM,0.9,,,1,,,,,,,,,0.9,,,0.9,,,Imam
1/29/2009,C172,390FA,1,FCM FCM,1.1,,,2,,,,,,,,,1.1,,,1.1,,,Ryshavy
1/31/2009,AC50,411PT,3,FCM ANE DPA FCM,4.8,4.8,,,3,,,,4.8,,4.8,,4.8,,,,,,
1/31/2009,C172,390FA,1,FCM FCM,0.4,,,1,,,,,,,,,0.4,,,0.4,,,Air Ride
2/2/2009,PA-28-161,526PU,1,FCM FCM,1.3,,,5,,,,,,,,,1.3,,,1.3,,,Timmerman
2/3/2009,PA-28-R-201,8265S,1,FCM FCM,1.2,,,5,,,,,,,,,1.2,,,1.2,,,Floe
2/3/2009,C172,5088Q,1,FCM FCM,0.9,,,1,,,,,,,,,0.9,,,0.9,,,Imam
2/3/2009,PA-28-161,526PU,1,FCM FCM,1.1,,,1,,,,,,,,,1.1,,,1.1,,,Schrupp
2/4/2009,PA-28-R-201,8265S,1,FCM FCM,1.1,,,3,,,,,,,,,1.1,,,1.1,,,Floe
2/5/2009,C172,5096C,1,FCM FCM,0.9,,,1,,,,,,,,,0.9,,,0.9,,,Imam
2/6/2009,PA-28-R-201,8265S,1,FCM FCM,1.0,,,2,,,,,,,,,1.0,,,1.0,,,Floe
2/7/2009,AC50,615MT,3,FCM ANE DPA FCM,4.6,4.6,,,3,,,,4.6,,4.6,,4.6,,,,,,
2/7/2009,PA-28-R-201,8265S,1,FCM FCM,0.9,,,2,,,,,,,,,0.9,,,0.9,,,Elhardt
2/10/2009,PA-28-161,526PU,1,FCM FCM,1.0,,,1,,,,,,,,,1.0,,,1.0,,,Timmerman
2/12/2009,C172,390FA,1,FCM FCM,0.9,,,1,,,,,,,,,0.9,,,0.9,,,Imam
2/14/2009,AC50,626DS,3,FCM ANE DPA FCM,4.4,4.4,,,3,,,,4.4,,4.4,,4.4,,,,,,
2/14/2009,PA-28-R-201,8265S,1,FCM BDH FCM,2.4,2.4,,4,,,,,,,2.4,,2.4,,,2.4,,,Floe
2/14/2009,PA-28-R-201,8265S,1,FCM FCM,1.3,,,2,,,,,,,,,1.3,,,1.3,,,Elhardt
2/17/2009,C172,390FA,1,FCM FCM,0.9,,,1,,,,,,,,,0.9,,,0.9,,,Imam
2/17/2009,PA-28-161,2240G,1,FCM FCM,0.9,,,1,,,,,,,,,0.9,,,0.9,,,Irrgang
2/19/2009,C172,5096C,1,FCM FCM,0.9,,,1,,,,,,,,,0.9,,,0.9,,,Imam
2/20/2009,PA-28-161,526PU,1,FCM FCM,0.8,,,1,,,,,,,,,0.8,,,0.8,,,Timmerman
2/21/2009,AC50,626DS,3,FCM ANE DPA FCM,4.3,4.3,,,3,,,,4.3,,4.3,,4.3,,,,,,
2/22/2009,C172,390FA,1,FCM FCM,1.1,,,1,,,,,,,,,1.1,,,1.1,,,Wegmann
2/22/2009,PA-28-161,526PU,1,FCM MIC FCM,1.6,1.6,,4,,,,,,,,,1.6,,,1.6,,,Lunseth
2/24/2009,PA-28-R-201,8265S,1,FCM GYL FCM,1.4,1.4,,3,,,,,,,,,1.4,,,1.4,,,Floe
2/24/2009,C172,5096C,1,FCM FCM,0.9,,,3,,,,,,,,,0.9,,,0.9,,,Imam
2/24/2009,PA-28-161,526PU,1,FCM FCM,0.5,,,1,,,,,,,,,0.5,,,0.5,,,Lunseth
2/25/2009,PA-28-R-201,8265S,1,FCM FCM,1.2,,,2,,,,,,,,,1.2,,,1.2,,,Floe
2/25/2009,PA-28-R-201,8265S,1,FCM FCM,1.2,,,4,,,,,,,,,1.2,,,1.2,,,Elhardt
2/27/2009,C172,5088Q,1,FCM FCM,1.3,,,3,,,,,,,,,1.3,,,,,,Shannon PC
2/28/2009,AC50,272CA,3,FCM ANE DPA FCM,4.2,4.2,,,3,,,,4.2,,4.2,,4.2,,,,,,
3/1/2009,C172,390FA,1,FCM FCM,1.3,,,7,,,,,,,,,1.3,,,1.3,,,Thomas
3/1/2009,PA-28-161,526PU,1,FCM FCM,1.1,,,3,,,,,,,,,1.1,,,1.1,,,Timmerman
3/2/2009,C172,390FA,1,FCM FCM,1.3,,,5,,,,,,,,,1.3,,,1.3,,,Thomas
3/3/2009,C172,390FA,1,FCM FCM,0.9,,,3,,,,,,,,,0.9,,,0.9,,,Imam
3/3/2009,C172,390FA,1,FCM FCM,1.3,,,7,,,,,,,,,1.3,,,1.3,,,Thomas
3/4/2009,C172,390FA,1,FCM FCM,1.7,,,10,,,,,,,,,1.7,,,1.7,,,Thomas
3/7/2009,AC50,626DS,3,FCM ANE DPA FCM,4.5,4.5,,,3,0.4,,1,4.5,,4.5,,4.5,,,,,,
3/8/2009,C172,5096C,1,FCM FCM,1.2,,,7,,,,,,,,,1.2,,,1.2,,,Wegmann
3/11/2009,AC50,444CB,4,FCM IEN AIA IEN FCM,6.2,6.2,,4,,,,,0.5,,6.2,,6.2,,,,,,
3/12/2009,C172,5096C,1,FCM FCM,1.1,,,5,,,,,,,,,1.1,,,1.1,,,Imam
3/12/2009,PA-28-161,526PU,1,FCM ACQ FCM,1.6,1.6,,3,,,,,,,,,1.6,,,1.6,,,Caroon
3/14/2009,AC50,667CA,3,FCM ANE DPA FCM,4.5,4.5,,1,2,,,,3.0,,4.5,,4.5,,,,,,
3/15/2009,PA-28-R-201,8265S,1,FCM FCM,1.3,,,2,,,,,,,,,1.3,,,1.3,,,Floe
3/15/2009,C172,5096C,1,FCM FCM,1.2,,,3,,,,,,,,,1.2,,,1.2,,,Wegmann
3/16/2009,PA-28-161,526PU,1,FCM FCM,1.4,,,9,,,,,,,,,1.4,,,1.4,,,Timmerman
3/18/2009,C172,5096C,1,FCM FCM,0.7,,,1,,,,,,,,,0.7,,,0.7,,,Air Ride
3/19/2009,PA-28-R-201,8265S,1,FCM FCM,1.1,,,3,,,,,,,,,1.1,,,1.1,,,Wagner
3/20/2009,PA-28-R-201,8265S,1,FCM GYL FCM,1.3,1.3,,3,,,,,,,,,1.3,,,1.3,,,Johnson
3/20/2009,PA-28-R-201,8265S,1,FCM FCM,0.9,,,1,,,,,,,,,0.9,,,0.9,,,Floe
3/21/2009,AC50,667CA,3,FCM ANE DPA FCM,4.3,4.3,,1,2,0.5,,,3.0,,4.3,,4.3,,,,,,
3/21/2009,PA-28-R-201,8265S,1,FCM GYL FCM,1.6,1.6,,4,,,,,,,,,1.6,,,1.6,,,Floe
3/22/2009,C172,390FA,1,FCM FCM,1.6,,,8,,,,,,,,,1.6,,,1.6,,,Wegmann
3/22/2009,C172,390FA,1,FCM FCM,0.7,,,5,,,,,,,,,0.7,,,0.7,,,Imam
3/28/2009,AC50,922BS,3,FCM ANE DPA FCM,4.4,4.4,,1,2,3.3,,1,3.0,,4.4,,4.4,,,,,,
3/28/2009,PA-28-R-201,8265S,1,FCM FCM,1.0,,,2,,,,,,,,,1.0,,,1.0,,,Floe
3/28/2009,C172,390FA,1,FCM FCM,1.6,,,8,,,,,,,,,1.6,,,1.6,,,Wegmann
3/29/2009,PA-28-R-201,8265S,1,FCM FCM,1.0,,,3,,,,,,,,,1.0,,,1.0,,,Bates
3/29/2009,PA-28-161,526PU,1,FCM FCM,0.6,,,1,,,,,,,,,0.6,,,0.6,,,Caroon
4/3/2009,PA-28-181,92505,1,FCM FCM,1.1,,,3,,,,,,,,,1.1,,,1.1,,,Crusing
4/4/2009,AC50,518TM,3,FCM ANE DPA FCM,4.4,4.4,,1,2,1.0,,,3.0,,4.4,,4.4,,,,,,
4/4/2009,PA-28-161,526PU,1,FCM FCM,0.7,,,3,,,,,,,,,0.7,,,0.7,,,Timmerman Solo
4/5/2009,C172,390FA,1,FCM FCM,1.3,,,8,,,,,,,,,1.3,,,1.3,,,Wegmann
4/5/2009,PA-28-161,2240G,1,FCM FCM,1.1,,,1,,,,,,,,,1.1,,,1.1,,,James Irrgang
4/8/2009,PA-28-161,2240G,1,FCM FCM,1.2,,,5,,,,,,,,,1.2,,,1.2,,,Och
4/11/2009,AC50,518TM,3,FCM ANE DPA FCM,4.1,4.1,,1,2,,,,3.0,,4.1,,4.1,,,,,,
4/11/2009,PA-28-R-201,8265S,1,FCM FCM,0.4,,,1,,,,,,,,,0.4,,,0.4,,,Elhardt checkide practice
4/11/2009,PA-28-161,2240G,1,FCM FCM,0.5,,,3,,,,,,,,,0.5,,,0.5,,,Timmerman
4/12/2009,C172,390FA,1,FCM FCM,1.3,,,1,,,,,,,,,1.3,,,1.3,,,Wegmann
4/12/2009,C172,390FA,1,FCM FCM,1.4,,,1,,,,,,,,,1.4,,,1.4,,,Cuellar
4/14/2009,PA-28-R-201,8265S,1,FCM FCM,1.2,,,1,,,,,,,,,1.2,,,1.2,,,Floe
4/14/2009,PA-28-161,2240G,1,FCM FCM,0.9,,,1,,,,,,,,,0.9,,,0.9,,,Irrgang
4/16/2009,PA-28-161,524PU,1,FCM FCM,1.1,,,3,,,,,,,,,1.1,,,1.1,,,Seelhammer
4/18/2009,AC50,524HW,3,FCM ANE DPA FCM,4.5,4.5,,1,2,0.5,,,3.0,,4.5,,4.5,,,,,,
4/20/2009,AC50,444CB,4,FCM BIS RAP BIS FCM,6.5,6.5,,4,,1.5,,,,,6.5,,6.5,,,,,,Pax Charter
4/24/2009,PA-28-R-201,8265S,1,FCM HCD FCM,1.4,1.4,,5,,,,,,,,,1.4,,,1.4,,,Floe
4/24/2009,PA-28-R-201,8265S,1,FCM HCD FCM,1.5,1.5,,3,,,,,,,,,1.5,,,1.5,,,Floe
4/24/2009,PA-28-161,2240G,1,FCM FCM,0.7,,,3,,,,,,,,,0.7,,,0.7,,,Och
4/25/2009,AC50,524HW,1,FCM ANE FCM,0.5,0.5,,3,,,,,,,,,0.5,,,,,,
4/25/2009,AC50,524HW,1,FCM DPA FCM,4.2,4.2,,1,2,2.0,,,4.0,,4.0,,4.0,,,,,,
4/25/2009,PA-28-161,2240G,1,FCM FCM,1.3,,,3,,,,,,,,,1.3,,,1.3,,,Och
4/25/2009,C172,390FA,1,FCM FCM,1.2,,,3,,,,,,,,,1.2,,,1.2,,,Cuellar
4/28/2009,PA-28-R-201,8265S,1,FCM FCM,1.4,,,2,,,,,,,,,1.4,,,1.4,,,Floe
4/30/2009,PA-28-161,2240G,1,FCM FCM,0.8,,,1,,,,,,,,,0.8,,,0.8,,,Och
5/2/2009,AC50,524HW,3,FCM ANE DPA FCM,4.3,4.3,,1,3,,,,2.5,,2.5,,2.5,,,,,,
5/3/2009,PA-28-161,2240G,1,FCM FCM,0.6,,,1,,,,,,,,,0.6,,,0.6,,,Och
5/3/2009,C172,390FA,1,FCM FCM,1.3,,,8,,,,,,,,,1.3,,,1.3,,,Wegmenn
5/3/2009,C172,390FA,1,FCM FCM,1.1,,,3,,,,,,,,,1.1,,,1.1,,,Cuellar
5/7/2009,AC50,444CB,3,FCM STP MKA STP FCM,4.4,4.4,,1,,,,,,,4.4,,4.4,,,,,,Pax Charter
5/9/2009,AC50,518TM,3,FCM ANE DPA FCM,4.2,4.2,,1,2,,,,2.5,,4.2,,4.2,,,,,,
5/10/2009,C172,390FA,1,FCM FCM,1.4,,,9,,,,,,,,,1.4,,,1.4,,,Wegmann
5/10/2009,C172,390FA,1,FCM FCM,1.5,,,1,,,,,,,,,1.5,,,1.5,,,Cuelllar
5/16/2009,AC50,667CA,3,FCM ANE DPA FCM,4.3,4.3,,1,2,,,,2.5,,4.3,,4.3,,,,,,
5/19/2009,C172,390FA,1,FCM FCM,1.1,,,1,,,,,,,,,1.1,,,1.1,,,Cuellar
5/23/2009,AC50,516DT,1,FCM ANE DPA FCM,4.2,4.2,,1,2,,,,2.5,,4.2,,4.2,,,,,,
5/24/2009,C172,390FA,1,FCM FCM,1.3,,,8,,,,,,,,,1.3,,,1.3,,,Wegmann
5/25/2009,C172,390FA,1,FCM FCM,1.1,,,6,,,,,,,,,1.1,,,1.1,,,Wegmann
5/27/2009,AC50,444CB,2,FCM YKN FCM,3.0,3.0,,2,,2.3,,,,,3.0,,3.0,,,,,,Pax Charter
5/30/2009,AC50,777CM,3,FCM ANE DPA FCM,4.0,4.0,,1,,,,,2.5,,4.0,,4.0,,,,,,
6/1/2009,PA-28-181,4015J,1,FCM FCM,1.2,,,3,,,,,,,,,1.2,,,1.2,,,Wagner
6/2/2009,AC50,444CB,3,FCM COQ RRL FCM,3.1,3.1,,3,,,,,,,3.1,,3.1,,,,,,
6/3/2009,AC50,444CB,3,FCM ARV COQ FCM,3.0,3.0,,1,,,,,,,3.0,,3.0,,,,,,
6/5/2009,PA-28-181,92505,2,FCM LVN FCM,1.3,1.3,,2,,,,,,,,,1.3,,,,,,Flight With Nico and friends
6/5/2009,PA-28-R-201,8265S,1,FCM FCM,1.4,,,5,,,,,,,,,1.4,,,1.4,,,Wagner
6/6/2009,AC50,415BH,3,FCM ANE DPA FCM,4.5,4.5,,1,2,3.0,,,2.5,,4.5,,4.5,,,,,,
6/13/2009,AC50,415BH,3,FCM ANE DPA FCM,4.3,4.3,,1,2,,,,2.0,,4.3,,4.3,,,,,,
6/20/2009,AC50,716TC,3,FCM ANE DPA FCM,4.3,4.3,,1,2,,,,2.0,,4.3,,4.3,,,,,,
6/26/2009,AC50,716TC,2,FCM MKC FCM,4.6,4.6,,,2,,,,4.6,,4.6,,4.6,,,,,,
7/11/2009,AC50,610BW,3,FCM ANE DPA FCM,4.2,4.2,,1,2,,,,2.2,,4.2,,4.2,,,,,,
7/11/2009,C172,5088Q,1,FCM FCM,1.9,,,1,,,,,,,,,1.9,,,1.9,,,Cuellar
7/18/2009,AC50,667CA,3,FCM ANE DPA FCM,4.1,4.1,,1,1,,,,2.3,,4.1,,4.1,,,,,,
7/21/2009,AC50,444CB,1,MKC MKC,1.1,1.1,,2,,1.0,,,,,,,1.1,,,,,,
7/23/2009,AC50,444CB,1,MKC IXN MKC,1.5,,,2,,,1.0,,,,,,1.5,,,,,,135 PC
7/24/2009,AC50,922BS,3,GRR AZO BKL GRR,3.0,3.0,,,3,1.5,,,3.0,,3.0,,3.0,,,,,,
7/25/2009,AC50,667CA,3,FCM ANE DPA FCM,4.2,4.2,,1,1,,,,1.9,,4.2,,4.2,,,,,,
8/1/2009,AC50,667CA,3,FCM ANE DPA FCM,4.2,4.2,,1,2,0.1,,,2.3,,4.2,,4.2,,,,,,
8/8/2009,AC50,524HW,3,FCM ANE DPA FCM,4.1,4.1,,1,2,1.5,,,2.8,,4.1,,4.1,,,,,,
8/15/2009,AC50,667CA,3,FCM ANE DPA FCM,4.2,4.2,,1,2,0.3,,,2.9,,4.2,,4.2,,,,,,
8/29/2009,AC50,630KC,3,FCM ANE DPA FCM,4.1,4.1,,1,2,2.1,,,2.9,,4.1,,4.1,,,,,,
9/5/2009,AC50,630KC,3,FCM ANE DPA FCM,3.9,3.9,,1,2,,,,2.9,,3.9,,3.9,,,,,,
9/11/2009,AC50,630KC,3,FCM MCI MKC FCM,5.1,5.1,,3,,0.3,,,,,5.1,,5.1,,,,,,
9/12/2009,AC50,630KC,1,FCM ANE DPA FCM,4.2,4.2,,1,2,,,,2.8,,4.2,,4.2,,,,,,
9/24/2009,AC50,444CB,4,FCM AGZ AGZ YKN FCM,3.9,3.9,,,4,1.0,,,,,3.0,,3.9,,,,,,
9/25/2009,AC50,524HW,1,FCM IOW MKC FCM,5.2,5.2,,,3,2.0,,,5.2,,5.2,,5.2,,,,,,
9/26/2009,AC50,127KH,3,FCM ANE DPA FCM,4.2,4.2,,1,2,,,,2.5,,4.2,,4.2,,,,,,
10/3/2009,AC50,667CA,3,FCM ANE DPA FCM,4.3,4.3,,1,2,2.0,,,2.7,,4.3,,4.3,,,,,,
10/13/2009,AC50,615MT,4,YIP MBS YIP BKL YIP,2.8,2.8,,1,3,0.2,,,1.8,,2.8,,2.8,,,,,,
10/14/2009,AC50,615MT,4,YIP MBS YIP BKL YIP,3.1,3.1,,1,3,1.0,,,2.0,,3.1,,3.1,,,,,,
10/15/2009,AC50,615MT,4,YIP MBS YIP BKL YIP,3.3,3.3,,1,3,2.0,,,2.8,,3.3,,3.3,,,,,,
10/19/2009,AC50,922BS,4,YIP MBS YIP BKL YIP,2.7,2.7,,1,3,,,,1.9,,2.7,,2.7,,,,,,
10/20/2009,AC50,922BS,4,YIP MBS YIP BKL YIP,2.8,2.8,,1,3,,,,1.9,,2.8,,2.8,,,,,,
10/21/2009,AC50,922BS,4,YIP MBS YIP BKL YIP,2.8,2.8,,2,2,,,,1.9,,2.8,,2.8,,,,,,
10/22/2009,AC50,922BS,4,YIP MBS YIP BKL YIP,3.2,3.2,,1,3,2.3,,,2.5,,3.2,,3.2,,,,,,
10/23/2009,AC50,922BS,4,YIP MBS YIP BKL MBS YIP BKL YIP,6.1,6.1,,3,4,4.5,,,3.0,,6.1,,6.1,,,,,,
10/26/2009,AC50,922BS,4,YIP MBS YIP BKL MBS YIP BKL YIP,2.8,2.8,,1,3,,,,1.9,,2.8,,2.8,,,,,,
10/27/2009,AC50,922BS,4,YIP MBS YIP BKL MBS YIP BKL YIP,2.8,2.8,,1,3,1.0,,,2.0,,2.8,,2.8,,,,,,
10/28/2009,AC50,922BS,4,YIP MBS YIP BKL MBS YIP BKL YIP,2.8,2.8,,1,3,1.0,,,2.0,,2.8,,2.8,,,,,,
10/29/2009,AC50,922BS,4,YIP MBS YIP BKL MBS YIP BKL YIP,2.8,2.8,,1,3,0.5,,,2.0,,2.8,,2.8,,,,,,
11/2/2009,AC50,922BS,4,YIP MBS YIP BKL YIP,2.7,2.7,,,3,,,,2.5,,2.7,,2.7,,,,,,
11/3/2009,AC50,922BS,4,YIP MBS YIP BKL YIP,2.8,2.8,,,4,1.0,,,2.8,,2.8,,2.8,,,,,,
11/4/2009,AC50,922BS,4,YIP MBS YIP BKL YIP,2.7,2.7,,,4,,,,2.7,,2.7,,2.7,,,,,,
11/5/2009,AC50,922BS,4,YIP MBS YIP BKL YIP,2.9,2.9,,,4,0.5,,,2.9,,2.9,,2.9,,,,,,
11/6/2009,AC50,922BS,7,YIP MBS YIP BKL MBS YIP BKL YIP,5.9,5.9,,3,4,0.7,,,3.0,,5.9,,5.9,,,,,,
11/9/2009,AC50,626DS,4,YIP MBS YIP BKL MBS YIP BKL YIP,2.7,2.7,,1,3,0.5,,,2.5,,2.7,,2.7,,,,,,
11/10/2009,AC50,626DS,4,YIP MBS YIP BKL MBS YIP BKL YIP,2.8,2.8,,,4,,,,2.8,,2.8,,2.8,,,,,,
11/12/2009,AC50,626DS,4,YIP MBS YIP BKL MBS YIP BKL YIP,2.8,2.8,,,4,,,,2.8,,2.8,,2.8,,,,,,
11/13/2009,AC50,615MT,4,GRR AZO BKL GRR YIP,3.5,3.5,,,4,,,,2.5,,3.5,,3.5,,,,,,
11/13/2009,AC50,477CC,1,YIP GRR,0.7,0.7,,1,,,,,,,0.7,,0.7,,,,,,
11/16/2009,AC50,922BS,3,GRR AZO BK GRR,3.1,3.1,,,3,0.5,,,3.1,,3.1,,3.1,,,,,,
11/17/2009,AC50,922BS,3,GRR AZO BK GRR,2.8,2.8,,,3,,,,2.8,,2.8,,2.8,,,,,,
11/18/2009,AC50,922BS,3,GRR AZO BK GRR,3.0,3.0,,,3,2.0,,,3.0,,3.0,,3.0,,,,,,
11/19/2009,AC50,922BS,3,GRR AZO BK GRR,2.9,2.9,,,3,1.5,,,2.9,,2.9,,2.9,,,,,,
11/20/2009,AC50,922BS,3,GRR AZO BK GRR,2.8,2.8,,,3,1.0,,,2.8,,2.8,,2.8,,,,,,
11/23/2009,AC50,444CB,2,MKC IXD MKC,1.5,1.5,,2,,,1.0,,,,,,1.5,,,,,,
11/24/2009,AC50,922BS,3,GRR AZO BKL GRR,3.0,3.0,,,3,1.9,,,3.0,,3.0,,3.0,,,,,,
11/25/2009,AC50,922BS,3,GRR AZO BKL GRR,3.1,3.1,,,3,2.0,,,3.1,,3.1,,3.1,,,,,,
11/27/2009,AC50,922BS,3,GRR AZO BKL GRR,3.0,3.0,,,3,1.5,,,3.0,,3.0,,3.0,,,,,,
11/30/2009,AC50,922BS,3,GRR AZO BKL GRR,3.1,3.1,,1,3,,,,3.1,,3.1,,3.1,,,,,,
12/1/2009,AC50,922BS,3,GRR AZO BKL GRR,3.0,3.0,,,3,,,,3.0,,3.0,,3.0,,,,,,
12/2/2009,AC50,922BS,3,GRR AZO BKL GRR,3.1,3.1,,,3,2.5,,,3.1,,3.1,,3.1,,,,,,
12/3/2009,AC50,922BS,3,GRR AZO BKL GRR,3.0,3.0,,,3,1.5,,,3.0,,3.0,,3.0,,,,,,
12/4/2009,AC50,922BS,3,GRR AZO BKL GRR,2.9,2.9,,,3,0.5,,,2.9,,2.9,,2.9,,,,,,
12/7/2009,AC50,922BS,3,GRR AZO BKL GRR,3.0,3.0,,,3,0.7,,,3.0,,3.0,,3.0,,,,,,
12/8/2009,AC50,922BS,3,GRR AZO BKL GRR,3.3,3.3,,,3,2.6,,,3.3,,3.3,,3.3,,,,,,
12/9/2009,AC50,922BS,1,GRR GRR,0.4,,,,1,,,,0.4,,,,0.4,,,,,,
12/9/2009,AC50,690RR,2,GRR BKL GRR,2.8,2.8,,,2,2.6,,,2.8,,2.8,,2.8,,,,,,
12/10/2009,AC50,922BS,4,GRR AZO BKL ADG GRR,3.5,3.5,,,4,2.0,,,3.5,,3.5,,3.5,,,,,,
12/11/2009,AC50,922BS,3,GRR AZO BKL GRR,3.1,3.1,,,3,,,,3.1,,3.1,,3.1,,,,,,
12/16/2009,AC50,30MB,2,EYE MDW EYE,2.0,2.0,,,2,,,,2.0,,2.0,,2.0,,,,,,
12/17/2009,AC50,30MB,4,EYE MDW PWK BMI OSU EYE,5.0,5.0,,,4,,,,5.0,,5.0,,5.0,,,,,,
12/18/2009,AC50,626DS,2,LUK BKL LUK,2.7,2.7,,,2,1.0,,,2.7,,2.7,,2.7,,,,,,
12/21/2009,AC50,615MT,4,PTK MBS YIP BKL PTK,2.8,2.8,,,4,2.0,,,2.8,,2.8,,2.8,,,,,,
12/22/2009,AC50,917GT,4,PTK MBS YIP BKL PTK,2.7,2.7,,,4,,,,2.7,,2.7,,2.7,,,,,,
12/23/2009,AC50,615mt,1,PTK MBS YIP BKL PTK,2.5,2.5,,,4,,,,2.5,,2.5,,2.5,,,,,,
12/28/2009,AC50,615mt,1,PTK MBS YIP,0.9,0.9,,,2,,,,0.9,,0.9,,0.9,,,,,,
12/29/2009,AC50,690RR,4,PTK MBS YIP BKL PTK,2.5,2.5,,,4,2.0,,,2.5,,2.5,,2.5,,,,,,
12/30/2009,AC50,917GT,1,PTK MBS YIP BKL PTK,2.9,2.9,,,4,1.0,,,2.9,,2.9,,2.9,,,,,,
12/31/2009,AC50,917GT,4,PTK MBS YIP BKL PTK,2.8,2.8,,,4,1.0,,,2.8,,2.8,,2.8,,,,,,
1/4/2010,AC50,917GT,4,PTK MBS YIP BKL PTK,2.8,2.8,,,4,1.9,,,2.8,,2.8,,2.8,,,,,,
1/5/2010,AC50,690RR,4,PTK MBS YIP BKL PTK,2.8,2.8,,,4,1.0,,,2.8,,2.8,,2.8,,,,,,
1/6/2010,AC50,615MT,4,PTK MBS YIP BKL PRK,3.2,3.2,,,4,1.0,,,3.2,,3.2,,3.2,,,,,,
1/12/2010,AC50,615MT,4,PTK MBS YIP BKL PTK,2.8,2.8,,,4,0.7,,,2.8,,2.8,,2.8,,,,,,
1/13/2010,AC50,615MT,4,PTK MBS YIP BKL PRK,2.8,2.8,,,4,,,,2.8,,2.8,,2.8,,,,,,
1/14/2010,AC50,615MT,4,PTK MBS YIP BKL PTK,2.7,2.7,,,4,1.5,,,2.7,,2.7,,2.7,,,,,,
1/19/2010,AC50,615MT,5,PTK MBS YIP BKL YIP PTK,3.0,3.0,,,5,,,,3.0,,3.0,,3.0,,,,,,
1/20/2010,AC50,615MT,4,PTK MBS YIP BKL PTK,3.2,3.2,,,4,,,,3.2,,3.2,,3.2,,,,,,
1/21/2010,AC50,615MT,4,PTK MBS YIP BKL PTK,3.2,3.2,,,4,,,,3.2,,3.2,,3.2,,,,,,
2/17/2010,AC50,411PT,4,PTK MBS YIP BKL PTK,3.0,3.0,, ,3,2.0,,,3.0,,3.0,,3.0,,,,,,
2/18/2010,AC50,411PT,4,PTK MBS YIP BKL PTK,2.6,2.6,, ,3,,,,2.6,,2.6,,2.6,,,,,,
2/19/2010,AC50,411PT,7,PTK MBS YIP BKL MBS YIP BKL PTK,5.5,5.5,, ,2, ,,,3.0,,5.5,,5.5,,,,,,
2/22/2010,AC50,610BW,3,GRR AZO BKL GRR,3.3,3.3,, ,3,1.0,,,3.3,,3.3,,3.3,,,,,,
2/23/2010,AC50,610BW,3,GRR AZO BKL GRR,3.0,3.0,, ,3,0.5,,,3.0,,3.0,,3.0,,,,,,
2/24/2010,AC50,610BW,3,GRR AZO BKL GRR,3.2,3.2,, ,3,2.0,,,3.2,,3.2,,3.2,,,,,,
2/25/2010,AC50,610BW,3,GRR AZO BKL GRR,3.3,3.3,, ,3,2.5,,,3.3,,3.3,,3.3,,,,,,
2/26/2010,AC50,610BW,3,GRR AZO BKL GRR,3.7,3.7,, ,3,3.0,,,3.7,,3.7,,3.7,,,,,,
3/1/2010,AC50,610BW,3,GRR AZO BKL GRR,2.8,2.8,, ,3,0.2,,,2.8,,2.8,,2.8,,,,,,
3/2/2010,AC50,610BW,3,GRR AZO BKL GRR,2.9,2.9,, ,3,0.2,,,2.9,,2.9,,2.9,,,,,,
3/3/2010,AC50,610BW,3,GRR AZO BKL GRR,3.0,3.0,, ,3, ,,,3.0,,3.0,,3.0,,,,,,
3/4/2010,AC50,716TC,3,GRR AZO BKL GRR,2.9,2.9,, ,3,,,,2.9,,2.9,,2.9,,,,,,
3/5/2010,AC50,716TC,3,GRR AZO BKL GRR,2.9,2.9,, ,3,,,,2.9,,2.9,,2.9,,,,,,
3/8/2010,AC50,716TC,3,GRR AZO BKL GRR,3.1,3.1,, ,3,,,,3.1,,3.1,,3.1,,,,,,
3/10/2010,AC50,518TM,3,GRR AZO BKL GRR,3.0,3.0,, ,3,0.7,,,3.0,,3.0,,3.0,,,,,,
3/11/2010,AC50,518TM,3,GRR AZO BKL GRR,3.1,3.1,, ,3,1.2,,,2.5,,3.1,,3.1,,,,,,
3/12/2010,AC50,518TM,3,GRR AZO BKL GRR,3.0,3.0,, ,3,1.0,,,2.9,,3.0,,3.0,,,,,,
3/15/2010,AC50,444CA,2,PTK MBS PTK,2.0,2.0,,1,1,2.0,,,1.0,,2.0,,2.0,,,,,,
3/16/2010,AC50,411ET,3,PTK MBS YIP BKL PTK,2.6,2.6,,1,1,,,,1.0,,2.6,,2.6,,,,,,
3/17/2010,AC50,518TM,3,GRR AZO BKL GRR,3.1,3.1,,1,2,,,,2.7,,3.1,,3.1,,,,,,
3/18/2010,AC50,518TM,3,GRR AZO BKL GRR,3.1,3.1,,1,2,,,,3.0,,3.1,,3.1,,,,,,
3/19/2010,AC50,518TM,3,GRR AZO BKL GRR,2.9,2.9,, ,2,,,,2.9,,2.9,,2.9,,,,,,
3/22/2010,AC50,518TM,3,GRR AZO BKL GRR,3.1,3.1,, ,3,1.5,,,3.0,,3.1,,3.1,,,,,,
3/23/2010,AC50,518TM,3,GRR AZO BKL GRR,3.0,3.0,,1,2,,,,2.8,,3.0,,3.0,,,,,,
3/25/2010,AC50,444CA,3,PTK GRR AZO BKL GRR,4.0,4.0,,1,3,1.0,,,2.5,,4.0,,4.0,,,,,,
3/26/2010,AC50,518TM,3,GRR AZO BKL GRR,2.8,2.8,,1,2,,,,2.0,,2.8,,2.8,,,,,,
3/27/2010,AC50,518TM,3,GRR AZO BKL GRR,2.6,2.6,,1,2,,,,2.5,,2.6,,2.6,,,,,,
3/30/2010,AC50,518TM,3,GRR AZO BKL GRR,2.9,2.9,,1,2,,,,2.8,,2.9,,2.9,,,,,,
3/31/2010,AC50,518TM,3,GRR AZO BKL GRR,3.0,3.0,,1,2,,,,2.8,,3.0,,3.0,,,,,,
4/1/2010,AC50,626DS,3,GRR AZO BKL GRR,3.0,3.0,, ,3,,,,2.8,,3.0,,3.0,,,,,,
4/2/2010,AC50,626DS,3,GRR AZO BKL GRR,3.0,3.0,,1,2,,,,2.8,,3.0,,3.0,,,,,,
4/5/2010,AC50,626DS,3,GRR AZO BKL GRR,2.9,2.9,,1,2,,,,2.7,,2.9,,2.9,,,,,,
4/6/2010,AC50,626DS,1,GRR AZO BKL GRR,3.2,3.2,,1,2,,,,2.8,,3.2,,3.2,,,,,,
4/7/2010,AC50,444CA,3,GRR AZO BKL GRR,4.0,4.0,,1,2,1.7,,,3.7,,4.0,,4.0,,,,,,
4/8/2010,AC50,444CA,3,GRR AZO BKL GRR,3.4,3.4,,3, ,1.0,,,,,3.4,,3.4,,,,,,
4/9/2010,AC50,444CA,1,GRR AZO BKL GRR,3.2,3.2,,1,2,,,,2.0,,3.2,,3.2,,,,,,
4/12/2010,AC50,444CA,3,GRR AZO BKL GRR,3.0,3.0,,1,2,,,,2.8,,3.0,,3.0,,,,,,
4/13/2010,AC50,444CA,3,GRR AZO BKL GRR,2.9,2.9,,1,2,,,,2.7,,2.9,,2.9,,,,,,
4/14/2010,AC50,518TM,3,GRR AZO BKL GRR,2.9,2.9,,1,2,,,,2.6,,2.9,,2.9,,,,,,
4/15/2010,AC50,518TM,3,GRR AZO BKL GRR,3.0,3.0,,1,2,,,,2.8,,3.0,,3.0,,,,,,
4/16/2010,AC50,518TM,3,GRR AZO BKL GRR,3.2,3.2,,1,2,,,,2.8,,3.2,,3.2,,,,,,
4/19/2010,AC50,518TM,3,GRR AZO BKL GRR,2.9,2.9,,1,2,,,,2.5,,2.9,,2.9,,,,,,
4/20/2010,AC50,518TM,3,GRR AZO BKL GRR,2.8,2.8,,1,2,,,,2.2,,2.8,,2.8,,,,,,
4/21/2010,AC50,518TM,1,GRR AZO BKL GRR,2.9,2.9,,1,2,0.2,,,2.4,,2.9,,2.9,,,,,,
4/22/2010,AC50,518TM,3,GRR AZO BKL GRR,2.8,2.8,,1,2,,,,2.3,,2.8,,2.8,,,,,,
4/23/2010,AC50,626DS,3,GRR AZO BKL GRR,2.9,2.9,,1,2,,,,2.4,,2.9,,2.9,,,,,,
4/26/2010,AC50,626DS,4,GRR MBS YIP BKL PTK,2.7,2.7,,2,2,,,,2.0,,2.7,,2.7,,,,,,
4/27/2010,AC50,626DS,4,PTK MBS YIP BKL PTK,2.9,2.9,,2,2,,,,2.0,,2.9,,2.9,,,,,,
4/28/2010,AC50,626DS,4,PTK MBS YIP BKL PTK,2.7,2.7,,2,2,,,,2.0,,2.7,,2.7,,,,,,
4/29/2010,AC50,626DS,4,PTK MBS YIP BKL GRR,3.1,3.1,,2,2,,,,2.0,,3.1,,3.1,,,,,,
